SETresp,IdCiclo,SAP,IdCL,TipoBaja,Categoria,Componente,Motivo,FechaHora,PAD,Destino,ConCL
"3",,"12157794",,"REAC","Falla mayor (Equipo no operativo)","Cardan largo","rompe cardan ","1/18/2022 3:23 AM","RDMN-28","Base Añelo","No"
"3",,"12589528",,"REAC","Falla mayor (Equipo no operativo)","N/A","rompe admision ","1/19/2022 3:25 AM","RDMN-28","Base Añelo","No"
"3",,"11647244",,"REAC","Falla mayor (Equipo no operativo)","N/A","baja","1/21/2022 3:45 AM","RDMN-28","Base Añelo","No"
"3",,"12468286",,"REAC","Falla mayor (Equipo no operativo)","Fluid-End","baja fisurada","1/21/2022 8:41 AM","RDMN-28","Base Añelo","No"
"3",,"12468286",,"REAC","Falla mayor (Equipo no operativo)","Fluid-End","baja fisurada","1/21/2022 8:41 AM","RDMN-28","Base Añelo","No"
"2",,"11452211",,"REAC","Falla mayor (Equipo no operativo)","Transmision","transmision","1/21/2022 5:03 PM","FdP-1281","Base Añelo","No"
"2",,"12506570",,"REAC","Falla mayor (Equipo no operativo)","Fluid-End","Los tres prensas agarrados","1/21/2022 5:11 PM","FdP-1281","Base Añelo","No"
"2",,"12153244",,"REAC","Falla mayor (Equipo no operativo)","Fluid-End","fisura en piston 3","1/21/2022 5:29 PM","FdP-1281","Base Añelo","No"
"2",,"13038511",,"REAC","Falla mayor (Equipo no operativo)","Sistema eléctrico o electronico","El equipo tiene problemas electrónicos.","1/21/2022 7:35 PM","FdP-1281","Base Añelo","Yes"
"2",,"13038511",,"REAC","Falla mayor (Equipo no operativo)","Sistema hidraulico","Problema con los módulos CAN.","1/21/2022 7:42 PM","FdP-1281","Base Añelo","Yes"
"2",,"12108478",,"REAC","Falla mayor (Equipo no operativo)","N/A","sfsdfs","1/21/2022 10:51 PM","FdP-1281","Base Añelo","No"
"2",,"13038511",,"REAC","Falla mayor (Equipo no operativo)","Sistema eléctrico o electronico","Problemas con módulos CAN","1/21/2022 8:00 PM","FdP-1281","Base Añelo","Yes"
"2",,"13038511",,"REAC","Falla mayor (Equipo no operativo)","Sistema eléctrico o electronico","Problemas con módulos CAN. Lavar radiadores.","1/21/2022 8:18 PM","FdP-1281","Base Añelo","Yes"
"2",,"12468283",,"REAC","Falla mayor (Equipo no operativo)","Motor","joijo","1/21/2022 11:24 PM","FdP-1281","Base Añelo","No"
"2",,"11754304",,"REAC","Falla mayor (Equipo no operativo)","Fluid-End","Falla en alojamiento asiento succion 1er piston","1/21/2022 11:27 PM","FdP-1281","Base Añelo","No"
"2",,"13038538",,"PRED","Predictivo (SKF)","Power-End","Pedida por IEM","1/21/2022 11:29 PM","FdP-1281","Base Añelo","No"
"2",,"11317872",,,"Mecanico","Transmision","perdida en cuadro de caja","1/22/2022 7:37 AM","FdP-1281","Base Añelo","No"
"3",,"13038520",,"REAC","Falla mayor (Equipo no operativo)","Motor","abrsadera de turbo de alta roto","1/22/2022 4:48 PM","RDMN-28","Base Añelo","No"
"3",,"13038511",,"REAC","Falla mayor (Equipo no operativo)","Transmision","problema de transmision","1/22/2022 6:12 PM","RDMN-28","Base Añelo","Yes"
"3",,"12468286",,"REAC","Falla mayor (Equipo no operativo)","N/A","Problemas en fluid end. Bomba ya esta en base revisando","1/22/2022 6:16 PM","RDMN-28","Base Añelo","No"
"2",,"11317872",,"REAC","Falla mayor (Equipo no operativo)","Transmision","perdida por cuadro de caja","1/22/2022 9:20 PM","FdP-1281","Base Añelo","No"
"2",,"11568617",,"REAC","Falla mayor (Equipo no operativo)","Radiador Horizontal","caño pinchado de refrigeracion","1/23/2022 10:42 AM","FdP-1281","Base Añelo","No"
"3",,"12506558",,"REAC","Falla mayor (Equipo no operativo)","Transmision","Transmicion rota.","1/23/2022 6:30 PM","RDMN-28","Base Añelo","No"
"3",,"12622242",,"REAC","Falla menor (Equipo puede operar)","Fluid-End","Fluid end tiene 2 esparragos cortados.","1/23/2022 7:40 PM","RDMN-28","Base Añelo","No"
"3",,"12622242",,"REAC","Falla mayor (Equipo no operativo)","Fluid-End","esparragos cortados ","1/23/2022 8:57 PM","RDMN-28","Base Añelo","No"
"2",,"13057726",,"REAC","Falla mayor (Equipo no operativo)","Transmision","no encastra y no gira cardan","1/24/2022 4:04 PM","FdP-1281","Base Añelo","No"
"2",,"13038517",,"MOV","Prestamo a otra PSL sin falla","N/A","se devuelve al set 1","1/24/2022 9:01 PM","FdP-1281","Base Añelo","No"
"2",,"11720335",,"REAC","Falla mayor (Equipo no operativo)","Fluid-End","deformacion del alojamiento del asiento inferior del piston 2","1/25/2022 10:58 AM","FdP-1281","Base Añelo","No"
"3",,"11326934",,"REAC","Falla mayor (Equipo no operativo)","Fluid-End","Fisura en FE piston °2","1/25/2022 12:59 PM","RDMN-28","Base Añelo","No"
"3",,"12999800",,"REAC","Falla menor (Equipo puede operar)","Fluid-End","Esparrago cortado.","1/25/2022 2:21 PM","RDMN-28","Base Añelo","No"
"3",,"12129760",,"PRED","Predictivo (SKF)","Reductora","Alerta SKF en reductor power end","1/25/2022 5:15 PM","RDMN-28","Base Añelo","No"
"2",,"12999791",,"REAC","Falla mayor (Equipo no operativo)","Fluid-End","Fisura piston 3","1/26/2022 1:38 AM","FdP-1281","Base Añelo","No"
"2",,"11691523",,"REAC","Falla mayor (Equipo no operativo)","Fluid-End","fisura en piston 1","1/26/2022 4:51 PM","FdP-1281","Base Añelo","No"
"3",,"11542685",,"REAC","Falla menor (Equipo puede operar)","Power-End","Perdida de aceite en manguera de power end","1/26/2022 6:12 PM","RDMN-28","Base Añelo","No"
"3",,"11451139",,"PREV","PM / Service","N/A","Prueba software","1/27/2022 4:06 AM","RDMN-28","Base Añelo","No"
"3",,"11410827",,"MOV","DTM sin falla","N/A","Prueba software","1/27/2022 4:09 AM","RDMN-28","Base Añelo","No"
"3",,"11647244",,"REAC","Falla mayor (Equipo no operativo)","Radiador Horizontal","Palteas del radiador dobladas","1/27/2022 7:45 PM","RDMN-28","Base Añelo","No"
"3",,"12622242",,"REAC","Falla mayor (Equipo no operativo)","N/A","Se rompio cardan corto, se cortan bulones al ras","1/27/2022 7:46 PM","RDMN-28","Base Añelo","No"
"2",,"13038514",,"REAC","Falla mayor (Equipo no operativo)","Motor","se cae de caudal durante el bombeo. Se le cambiaron los filtros de aceite, persiste la falla. Baja presion de aceite.","1/27/2022 9:22 PM","FdP-1281","Base Añelo","No"
"3",,"11970682",,"REAC","Falla mayor (Equipo no operativo)","Fluid-End","Fisura piston 1","1/28/2022 12:06 AM","RDMN-28","Base Añelo","No"
"3",,"11970682",,"REAC","Falla mayor (Equipo no operativo)","Fluid-End","Fisura piston 1","1/28/2022 12:06 AM","RDMN-28","Base Añelo","No"
"3",,"11528720",,"REAC","Falla mayor (Equipo no operativo)","Transmision","Problemas en transmision","1/28/2022 12:42 AM","RDMN-28","Base Añelo","No"
"3",,"11528720",,"REAC","Falla mayor (Equipo no operativo)","Transmision","Problemas en transmision","1/28/2022 12:42 AM","RDMN-28","Base Añelo","No"
"3",,"12589528",,"REAC","Falla mayor (Equipo no operativo)","Radiador Vertical","rotura de cardan corto, se cortan al ras los tornillos","1/28/2022 12:55 AM","RDMN-28","Base Añelo","No"
"2",,"11970698",,"REAC","Falla mayor (Equipo no operativo)","Transmision","se comunica presion de la caja de transmision.","1/28/2022 5:40 PM","FdP-1281","Base Añelo","No"
"3",,"12002163",,"REAC","Falla menor (Equipo puede operar)","N/A","Piston 4 agarrado","1/28/2022 9:45 PM","RDMN-28","Base Añelo","No"
"3",,"12506558",,"REAC","Falla mayor (Equipo no operativo)","Fluid-End","PRENSA PISTON 3 AGARRADO","1/29/2022 3:40 AM","RDMN-28","Base Añelo","No"
"2",,"13057750",,"MOV","DTM sin falla","N/A","Error cambio de turno","1/16/2022 4:44 AM","FdP-1281","Base Añelo","No"
"2",,"11970888",,"MOV","DTM sin falla","N/A","Falla cambio de turno","1/21/2022 2:47 PM","FdP-1281","Base Añelo","No"
"2",,"13038523",,"REAC","Falla mayor (Equipo no operativo)","Motor","Pedida por IEM. Aceite en venteo","1/29/2022 7:12 AM","FdP-1281","Base Añelo","No"
"3",,"12608142",,"REAC","Falla mayor (Equipo no operativo)","Fluid-End","Prensa agarrado Piston N°1","1/29/2022 8:00 AM","RDMN-28","Base Añelo","No"
"3",,"11326732",,"REAC","Falla mayor (Equipo no operativo)","Fluid-End","Fisurada Piston 1","1/30/2022 12:40 AM","RDMN-28","Base Añelo","No"
"3",,"12468265",,"REAC","Falla mayor (Equipo no operativo)","Fluid-End","Prensa agarrado piston 4 y abrazadera de piston 2","1/30/2022 5:47 AM","RDMN-28","Base Añelo","No"
"3",,"11528730",,"REAC","Falla mayor (Equipo no operativo)","Fluid-End","Fluid end Se soplo por perdida en tapa frontal piston 5","1/30/2022 8:42 AM","RDMN-28","Base Añelo","No"
"2",,"12506564",,"REAC","Falla mayor (Equipo no operativo)","Fluid-End","Fisura en piston 3","1/30/2022 9:04 AM","FdP-1281","Base Añelo","No"
"2",,"12546250",,"REAC","Falla mayor (Equipo no operativo)","Fluid-End","Fisura en piston 4","1/30/2022 5:42 PM","FdP-1281","Base Añelo","No"
"3",,"11451139",,"REAC","Falla mayor (Equipo no operativo)","Motor","Problemas en inyectores","1/31/2022 3:45 AM","RDMN-28","Base Añelo","No"
"3",,"11754409",,"REAC","Falla mayor (Equipo no operativo)","Fluid-End","fisura en cuerpo tapa frontal numero 1 ","2/1/2022 2:29 AM","RDMN-28","Base Añelo","No"
"3",,"11410827",,"REAC","Falla mayor (Equipo no operativo)","Motor","motor agarrad","2/1/2022 3:17 AM","RDMN-28","Base Añelo","No"
"3",,"12531951",,"REAC","Falla mayor (Equipo no operativo)","Motor","se pasa aceite al agua","2/2/2022 7:51 AM","RDMN-28","Base Añelo","No"
"2",,"11691523",,"REAC","Falla mayor (Equipo no operativo)","Caja angular","juego en la caja angular. Esparrago de fluis end cortado.","2/2/2022 9:59 PM","FdP-1281","Base Añelo","No"
"3",,"13038526",,"REAC","Falla mayor (Equipo no operativo)","N/A","Fisura en fluid end","2/5/2022 7:42 PM","RDMN-28","Base Añelo","No"
"2",,"10000000",,"MOV","DTM sin falla","N/A","TestSoftware","2/8/2022 3:38 PM","FdP-1285","Base Añelo","No"
"2",,"11452211",,"REAC","Falla mayor (Equipo no operativo)","Motor","no arranca","2/10/2022 11:25 AM","FdP-1285","Base Añelo","No"
"2",,"11970888",,"REAC","Falla mayor (Equipo no operativo)","Motor","se prende fuego turbo","2/10/2022 11:37 AM","FdP-1285","Base Añelo","No"
"3",,"12999800",,"MOV","DTM sin falla","N/A","DTM","2/6/2022 10:00 PM","RDMN-28","Base Añelo","No"
"3",,"12157794",,"MOV","DTM sin falla","N/A","DTM","2/6/2022 10:00 PM","RDMN-28","Base Añelo","No"
"3",,"12506558",,"MOV","DTM sin falla","N/A","DTM","2/6/2022 10:00 PM","RDMN-28","Base Añelo","No"
"3",,"11326934",,"MOV","DTM sin falla","N/A","DTM","2/6/2022 10:00 PM","RDMN-28","Base Añelo","No"
"3",,"11516556",,"MOV","DTM sin falla","N/A","DTM","2/6/2022 10:00 PM","RDMN-28","Base Añelo","No"
"3",,"11528730",,"MOV","DTM sin falla","N/A","DTM","2/6/2022 10:00 PM","RDMN-28","Base Añelo","No"
"3",,"12468286",,"MOV","DTM sin falla","N/A","DTM","2/6/2022 10:00 PM","RDMN-28","Base Añelo","No"
"3",,"13038526",,"MOV","DTM sin falla","N/A","DTM","2/6/2022 10:00 PM","RDMN-28","Base Añelo","No"
"3",,"13038520",,"MOV","DTM sin falla","N/A","DTM","2/6/2022 10:00 PM","RDMN-28","Base Añelo","No"
"3",,"12545652",,"MOV","DTM sin falla","N/A","DTM","2/6/2022 10:00 PM","RDMN-28","Base Añelo","No"
"3",,"12546259",,"MOV","DTM sin falla","N/A","DTM","2/6/2022 10:00 PM","RDMN-28","Base Añelo","No"
"3",,"11501065",,"MOV","DTM sin falla","N/A","DTM","2/6/2022 10:00 PM","RDMN-28","Base Añelo","No"
"3",,"12108472",,"MOV","DTM sin falla","N/A","DTM","2/6/2022 10:00 PM","RDMN-28","Base Añelo","No"
"3",,"12622242",,"MOV","DTM sin falla","N/A","DTM","2/6/2022 10:00 PM","RDMN-28","Base Añelo","No"
"3",,"11691538",,"MOV","DTM sin falla","N/A","DTM","2/6/2022 11:08 PM","RDMN-28","Base Añelo","No"
"3",,"11647244",,"MOV","DTM sin falla","N/A","DTM","2/6/2022 11:09 PM","RDMN-28","Base Añelo","No"
"3",,"12608142",,"MOV","DTM sin falla","N/A","DTM","2/6/2022 11:09 PM","RDMN-28","Base Añelo","No"
"3",,"12643202",,"MOV","DTM sin falla","N/A","DTM","2/6/2022 11:09 PM","RDMN-28","Base Añelo","No"
"3",,"11542695",,"MOV","DTM sin falla","N/A","DTM","2/6/2022 11:09 PM","RDMN-28","Base Añelo","No"
"3",,"11528725",,"MOV","DTM sin falla","N/A","DTM","2/6/2022 11:09 PM","RDMN-28","Base Añelo","No"
"3",,"11501481",,"MOV","DTM sin falla","N/A","DTM","2/6/2022 11:09 PM","RDMN-28","Base Añelo","No"
"3",,"11754304",,"MOV","DTM sin falla","N/A","DTM","2/6/2022 11:09 PM","RDMN-28","Base Añelo","No"
"3",,"11720335",,"MOV","DTM sin falla","N/A","DTM","2/6/2022 11:09 PM","RDMN-28","Base Añelo","No"
"3",,"12999791",,"MOV","DTM sin falla","N/A","DTM","2/6/2022 11:09 PM","RDMN-28","Base Añelo","No"
"2",,"11597094",,"MOV","Prestamo a otra PSL sin falla","N/A","pedida para hps","2/11/2022 10:25 AM","FdP-1285","Se va a otra PSL","No"
"2",,"12546214",,"REAC","Falla mayor (Equipo no operativo)","Motor","SE ENCUENTRA EQUIPO GASEANDO MECANICO DA ORDEN DE BAJAR","2/11/2022 11:33 PM","FdP-1285","Base Añelo","No"
"2",,"11905678",,"REAC","Falla menor (Equipo puede operar)","Radiador Horizontal","LEVANTA TEMPERATURA DE TRANSMISION Y MOTOR","2/11/2022 11:42 PM","FdP-1285","Base Añelo","No"
"2",,"12546214",,"REAC","Falla mayor (Equipo no operativo)","Motor","MOTOR GASEA","2/11/2022 11:45 PM","FdP-1285","Base Añelo","No"
"2",,"12002163",,"PREV","PM / Service","N/A","Pedido por IEM","2/12/2022 9:00 PM","FdP-1285","Base Añelo","No"
"2",,"12129760",,"PREV","PM / Service","N/A","Pedia por IEM","2/12/2022 9:00 PM","FdP-1285","Base Añelo","No"
"1",,"11451139",,"MOV","DTM sin falla","N/A","baja","2/14/2022 2:06 AM","LCav-19","Base Añelo","No"
"2",,"12002183",,"REAC","Falla mayor (Equipo no operativo)","Reductora","REDUCTOR CLAVADO","2/14/2022 4:07 AM","FdP-1285","Base Añelo","No"
"1",,"11597094",,"MOV","Prestamo a otra PSL sin falla","N/A","BAJA POR PDEIDO DE IEM","2/15/2022 2:07 AM","LCav-19","Se va a otra PSL","No"
"1",,"11501080",,"REAC","Falla mayor (Equipo no operativo)","Fluid-End","cambiar piston 1 descarga.","2/15/2022 9:46 AM","LCav-19","Base Añelo","No"
"2",,"12643286",,"REAC","Falla mayor (Equipo no operativo)","Sistema hidraulico","cuadro hidraulico roto","2/15/2022 12:46 PM","FdP-1285","Base Añelo","No"
"2",,"12643286",,"REAC","Falla mayor (Equipo no operativo)","Sistema hidraulico","cuadrohidraulico roto","2/15/2022 3:46 PM","FdP-1285","Base Añelo","No"
"2",,"12643286",,"REAC","Falla mayor (Equipo no operativo)","Sistema hidraulico","cuadro hidraulico dañado","2/15/2022 4:10 PM","FdP-1285","Base Añelo","No"
"2",,"12643286",,"REAC","Falla mayor (Equipo no operativo)","Sistema hidraulico","cuadro hidraulico roto","2/15/2022 4:25 PM","FdP-1285","Base Añelo","No"
"2",,"12643286",,"REAC","Falla menor (Equipo puede operar)","N/A","ROTURA DE  CUADRO HIDRAULICO DE  MANOMETROS","2/15/2022 9:00 AM","FdP-1285","Base Añelo","No"
"2",,"13057723",,"REAC","Falla mayor (Equipo no operativo)","Fluid-End","ASIENTO DE 7"" ROTO NO TENEMOS EL PISTON HIDRAULICO DE EN CONDICIONES","2/16/2022 6:37 AM","FdP-1285","Base Añelo","No"
"2",,"12643286",,"REAC","Falla mayor (Equipo no operativo)","Sistema hidraulico","SE ROMPE CUADRO HIDRAULICO","2/15/2022 6:39 AM","FdP-1285","Base Añelo","No"
"2",,"12643286",,"REAC","Falla menor (Equipo puede operar)","N/A","Cuadro hidraulico roto","2/16/2022 6:56 PM","FdP-1285","Base Añelo","No"
"2",,"13057723",,"PREV","PM / Service","N/A","Faltan herramientas","2/16/2022 7:29 AM","FdP-1285","Base Añelo","No"
"1",,"11597094",,"MOV","DTM sin falla","N/A",".","2/17/2022 4:51 AM","LCav-19","Base Añelo","No"
"1",,"11597094",,"MOV","DTM sin falla","N/A",".","2/17/2022 6:31 AM","LCav-19","Base Añelo","No"
"2",,"11970698",,"REAC","Falla mayor (Equipo no operativo)","Fluid-End","fisura piston 3","2/17/2022 2:23 PM","FdP-1285","Base Añelo","No"
"2",,"11326732",,"MOV","Mov a otra locacion sin falla","N/A","solicitada para otro set","2/17/2022 2:35 PM","FdP-1285","Se dirige a otro pozo","No"
"2",,"13038529",,"REAC","Falla mayor (Equipo no operativo)","Transmision","transmision","2/17/2022 4:34 PM","FdP-1285","Base Añelo","No"
"1",,"13057741",,"MOV","Mov a otra locacion sin falla","N/A","se devuelve al set 2","2/18/2022 2:14 AM","LCav-19","Se dirige a otro pozo","No"
"1",,"13057741",,"MOV","Mov a otra locacion sin falla","N/A","se devuelve al set 2","2/18/2022 2:14 AM","LCav-19","Se dirige a otro pozo","No"
"1",,"12468283",,"REAC","Falla mayor (Equipo no operativo)","Transmision","Rompio transmision, levanta temperatura y hace ruidos en la transmision. Mecanico pide bajarla","2/18/2022 3:56 AM","LCav-19","Base Añelo","No"
"2",,"13057735",,"REAC","Falla menor (Equipo puede operar)","Radiador Horizontal","Radiadors tapados. Levanta temperatura de motor","2/18/2022 1:30 AM","FdP-1285","Base Añelo","No"
"2",,"12153244",,"PRED","Predictivo (SKF)","Transmision","Solicitada desde base. Alertas de vibraciones","2/18/2022 10:02 PM","FdP-1285","Base Añelo","No"
"1",,"13038535",,"MOV","Mov a otra locacion sin falla","N/A","se devielve a otro set","2/19/2022 2:10 AM","LCav-19","Se dirige a otro pozo","No"
"1",,"11720335",,"PRED","Predictivo (SKF)","N/A","alerta de skf","2/19/2022 2:11 AM","LCav-19","Base Añelo","No"
"1",,"11720335",,"PRED","Predictivo (SKF)","N/A","alerta de skf","2/19/2022 2:11 AM","LCav-19","Base Añelo","No"
"1",,"13038538",,"PRED","Predictivo (SKF)","Motor","alerta skf motor","2/19/2022 2:19 AM","LCav-19","Base Añelo","No"
"3",,"12468286",,"REAC","Falla mayor (Equipo no operativo)","Fluid-End","prensa Nro 5 agarrado","2/19/2022 5:11 AM","EOr-34","Base Añelo","No"
"3",,"12608142",,"REAC","Falla mayor (Equipo no operativo)","Motor","Temperatura elevada","2/17/2022 3:18 PM","EOr-34","Base Añelo","No"
"2",,"12608136",,"MOV","Mov a otra locacion sin falla","N/A","Enviada a SET 1","2/19/2022 5:28 AM","FdP-1285","Se dirige a otro pozo","No"
"3",,"12129757",,"PREV","PM / Service","N/A","Pedido de IEM","2/17/2022 3:29 PM","EOr-34","Base Añelo","No"
"3",,"11528730",,"REAC","Falla mayor (Equipo no operativo)","Motor","problemas de temperatura en motor y transmision","2/19/2022 9:18 AM","EOr-34","Base Añelo","No"
"2",,"11516541",,"REAC","Falla menor (Equipo puede operar)","Sistema eléctrico o electronico","solicitada para set 1","2/19/2022 1:56 PM","FdP-1285","Se dirige a otro pozo","No"
"2",,"13038535",,"REAC","Falla mayor (Equipo no operativo)","Motor","gasea por motor","2/19/2022 7:07 PM","FdP-1285","Base Añelo","No"
"2",,"12999794",,"REAC","Falla mayor (Equipo no operativo)","N/A","Fisura en fluid end (piston 3), succion pinchada, perdida por power end","2/19/2022 7:17 PM","FdP-1285","Base Añelo","No"
"3",,"12506570",,"REAC","Falla mayor (Equipo no operativo)","Motor","baja presion de aceite en motor","2/18/2022 5:45 AM","EOr-34","Base Añelo","No"
"1",,"12129757",,"PREV","Inspeccion","N/A","j","2/20/2022 4:49 AM","LCav-19","Base Añelo","No"
"1",,"12129760",,"PRED","Predictivo (SKF)","Motor","alerta","2/20/2022 4:57 AM","LCav-19","Base Añelo","No"
"1",,"13038538",,"PRED","Predictivo (SKF)","Motor","skf","2/20/2022 5:09 AM","LCav-19","Base Añelo","No"
"2",,"11528720",,"REAC","Falla mayor (Equipo no operativo)","Motor","Falla de motor. Finning","2/20/2022 5:16 AM","FdP-1285","Base Añelo","No"
"3",,"12589528",,"PREV","PM / Service","Motor","Prioridad 1","2/20/2022 6:50 AM","EOr-34","Base Añelo","No"
"3",,"11451139",,"REAC","Falla mayor (Equipo no operativo)","Transmision","Falla en caja angular","2/20/2022 9:01 AM","EOr-34","Base Añelo","No"
"3",,"12108472",,"REAC","Falla mayor (Equipo no operativo)","Fluid-End","Piston Nro 5 agarrado","2/20/2022 9:03 AM","EOr-34","Base Añelo","No"
"2",,"11528735",,"REAC","Falla mayor (Equipo no operativo)","Motor","Pedida por IEM, problema de inyectores","2/20/2022 2:33 PM","FdP-1285","Base Añelo","No"
"2",,"11501481",,"PRED","Predictivo (SKF)","Transmision","solicitada por iem","2/21/2022 9:14 PM","FdP-1285","Base Añelo","No"
"3",,"12157794",,"REAC","Falla mayor (Equipo no operativo)","Fluid-End","Posible fisura en alojamiento Nro 3 y rotura de empaque Nro 5","2/19/2022 6:48 PM","EOr-34","Base Añelo","No"
"2",,"11754314",,"REAC","Falla mayor (Equipo no operativo)","Fluid-End","Fisura piston 3","2/22/2022 5:40 AM","FdP-1285","Base Añelo","No"
"3",,"13038520",,"PREV","PM / Service","Motor","Prioridad 1","2/22/2022 9:39 AM","EOr-34","Base Añelo","No"
"4",,"10000000",,"MOV","Mov a otra locacion sin falla","N/A","TestSoftware","2/22/2022 6:45 PM","EOr-34","Base Añelo","No"
"2",,"13038529",,"REAC","Falla mayor (Equipo no operativo)","Fluid-End","Se sopla tapa frontal piston 4","2/23/2022 12:51 AM","FdP-1285","Base Añelo","No"
"2",,"12999794",,"REAC","Falla mayor (Equipo no operativo)","Fluid-End","fluid end pinchado","2/24/2022 7:00 PM","FdP-1285","Base Añelo","No"
"1",,"13038532",,"MOV","Mov a otra locacion sin falla","N/A","Se devuelve bomba al set 2","2/24/2022 6:30 PM","LCav-19","Se dirige a otro pozo","No"
"2",,"13057735",,"REAC","Falla mayor (Equipo no operativo)","Motor","Perdida de aceite por respiradero de motor","2/25/2022 5:05 AM","FdP-1285","Base Añelo","No"
"1",,"11516541",,"REAC","Falla mayor (Equipo no operativo)","Caja angular","baja a base añelo por rotura de cardan corto.","2/25/2022 9:31 AM","LCav-19","Base Añelo","No"
"2",,"13038517",,"REAC","Falla mayor (Equipo no operativo)","Fluid-End","ASIENTO NUMERO 3 DESCARGA DAÑADO","2/25/2022 5:12 PM","FdP-1285","Base Añelo","No"
"2",,"13057738",,"REAC","Falla mayor (Equipo no operativo)","Fluid-End","Fisura en zona de piston 3","2/25/2022 11:00 PM","FdP-1285","Base Añelo","No"
"2",,"13057741",,"REAC","Falla mayor (Equipo no operativo)","Motor","perdida y potencia del turbo,perdida por reten de lubricador power end,perdida por retende pto superior,perdida por reten de bancado del motor.","2/26/2022 4:42 PM","FdP-1285","Base Añelo","No"
"2",,"13038517",,"REAC","Falla mayor (Equipo no operativo)","Fluid-End","Baja a base por falta de herramienta para su reparacion en pozo","2/25/2022 5:09 PM","FdP-1285","Base Añelo","No"
"2",,"12506558",,"REAC","Falla mayor (Equipo no operativo)","Power-End","BULONES DE  SUJECION DE  POWEREND","2/27/2022 10:32 AM","FdP-1285","Base Añelo","No"
"2",,"13057726",,"REAC","Falla menor (Equipo puede operar)","Radiador Horizontal","LEVANTA TEMPERATURA","2/27/2022 10:34 AM","FdP-1285","Base Añelo","No"
"1",,"12622242",,"MOV","Mov a otra locacion sin falla","N/A","se devuelve al SET2, baja sin lotorc ","2/27/2022 4:35 PM","LCav-19","Base Añelo","No"
"1",,"12622242",,"REAC","Falla mayor (Equipo no operativo)","N/A","falla equipo","2/28/2022 3:40 AM","LCav-19","Base Añelo","No"
"2",,"12999794",,"REAC","Falla mayor (Equipo no operativo)","Power-End","RORUTA DE  BOMBA DE ACEITE DE LUBRICACION DE POWEREND. 2 PISTONES AGARRADOS","2/28/2022 12:51 PM","FdP-1285","Base Añelo","No"
"2",,"12999794",,"REAC","Falla mayor (Equipo no operativo)","Power-End","FALLA EN BOMBA DE ACEITE  LUBRICACION DE  POWEREND.  2  PISTONES AGARRADOS","2/28/2022 12:57 PM","FdP-1285","Base Añelo","No"
"2",,"12999794",,"REAC","Falla mayor (Equipo no operativo)","Power-End","FALLA EN BOMBA DE ACEITE  LUBRICACION DE  POWEREND.  2  PISTONES AGARRADOS","2/28/2022 12:57 PM","FdP-1285","Base Añelo","No"
"2",,"12153244",,"REAC","Falla mayor (Equipo no operativo)","Fluid-End","BAJA POR PISTON 5 AGARRADO ","2/28/2022 3:35 PM","FdP-1285","Base Añelo","No"
"1",,"12999800",,"MOV","Mov a otra locacion sin falla","N/A","Se envia bombeador a otro Set Operativo, con empaquetadura y PM completo.","2/28/2022 5:09 PM","LCav-19","Se dirige a otro pozo","No"
"2",,"13057732",,"REAC","Falla mayor (Equipo no operativo)","Fluid-End","Fisura piston 3","2/28/2022 10:11 PM","FdP-1285","Base Añelo","No"
"2",,"13038517",,"REAC","Falla mayor (Equipo no operativo)","Fluid-End","sin herramientas","2/28/2022 11:05 PM","FdP-1285","Base Añelo","No"
"1",,"12999800",,"MOV","Mov a otra locacion sin falla","N/A","bomba pulmon","2/28/2022 6:20 PM","LCav-19","Base Añelo","No"
"2",,"11326934",,"MOV","Prestamo a otra PSL sin falla","N/A","SE DEVUELVE A SET 3","3/1/2022 1:57 PM","FdP-1285","Base Añelo","No"
"2",,"13038538",,"REAC","Falla mayor (Equipo no operativo)","Power-End","pedida por iem, fuga de aceite en power end","3/2/2022 2:54 AM","FdP-1285","Base Añelo","No"
"2",,"11754314",,"REAC","Falla mayor (Equipo no operativo)","Fluid-End","fisura piston 2","3/3/2022 8:24 PM","FdP-1285","Base Añelo","No"
"2",,"11580946",,"REAC","Falla mayor (Equipo no operativo)","Motor","Princio de incendio en turbocompresor","3/3/2022 7:00 PM","FdP-1285","Base Añelo","No"
"2",,"12822822",,"PREV","Inspeccion","Radiador Vertical","kljl","3/3/2022 9:12 PM","FdP-1285","Base Añelo","No"
"2",,"11580946",,"REAC","Falla mayor (Equipo no operativo)","Motor","Principio de incendio en turbocompresor","3/3/2022 7:13 PM","FdP-1285","Base Añelo","No"
"2",,"13057726",,"REAC","Falla mayor (Equipo no operativo)","Motor","Se cae el caudal durante los bombeos. Falla sensores de filtros de aire. Baja pedida por iem","3/4/2022 12:24 AM","FdP-1285","Base Añelo","No"
"2",,"13057750",,"REAC","Falla menor (Equipo puede operar)","Motor","Se cae caudal durante los bombeos. falla en sensores de filtros de aire. baja por pedido de iem","3/4/2022 3:00 AM","FdP-1285","Base Añelo","No"
"2",,"13057723",,"REAC","Falla mayor (Equipo no operativo)","Motor","Alerta SKF, radiadores tapados y fisura en power end","3/5/2022 1:35 AM","FdP-1285","Base Añelo","No"
"2",,"11691523",,"REAC","Falla mayor (Equipo no operativo)","Power-End","RUIDO Y TEMPERATURA ALTA EN POWEREND. POSIBLE PISTON AGARRADO","3/5/2022 10:41 AM","FdP-1285","Base Añelo","No"
"2",,"11970698",,"REAC","Falla mayor (Equipo no operativo)","Transmision","Problema de transmisión","3/6/2022 3:40 AM","FdP-1285","Base Añelo","No"
"1",,"13038517",,"REAC","Falla mayor (Equipo no operativo)","Motor","TURBO DAÑADO","3/6/2022 8:50 AM","LCav-19","Base Añelo","No"
"1",,"13038517",,"REAC","Falla mayor (Equipo no operativo)","Motor","TURBO DAÑADO","3/6/2022 8:50 AM","LCav-19","Base Añelo","No"
"1",,"11528735",,"REAC","Falla mayor (Equipo no operativo)","Motor","Equipo bajo rendimiento de motor","3/6/2022 12:36 PM","LCav-19","Base Añelo","No"
"1",,"13038517",,"REAC","Falla mayor (Equipo no operativo)","Motor","Rotura de turno","3/6/2022 12:39 PM","LCav-19","Base Añelo","No"
"2",,"11720335",,"PREV","PM / Service","Transmision","se baja a pedido de IEM ","3/6/2022 5:46 PM","FdP-1285","Base Añelo","No"
"2",,"11317872",,"PREV","PM / Service","N/A","Pedida por Iem, Prioridad 1","3/7/2022 12:56 AM","FdP-1285","Base Añelo","No"
"1",,"11501481",,"REAC","Falla mayor (Equipo no operativo)","Fluid-End","Piston 3 agarrado cambiar oring","3/7/2022 2:12 AM","LCav-19","Base Añelo","No"
"1",,"12589516",,"REAC","Falla mayor (Equipo no operativo)","Radiador Vertical","Perdida de refrigerante","3/7/2022 2:50 AM","LCav-19","Base Añelo","No"
"1",,"12589516",,"REAC","Falla mayor (Equipo no operativo)","Radiador Vertical","Pérdida de Refrigerante","3/7/2022 4:42 AM","LCav-19","Base Añelo","No"
"1",,"11501481",,"REAC","Falla mayor (Equipo no operativo)","Fluid-End","Piston 3 agarrado","3/7/2022 4:44 AM","LCav-19","Base Añelo","No"
"1",,"11691240",,"MOV","Mov a otra locacion sin falla","N/A","baja por devolucion a set 3","3/8/2022 5:07 PM","LCav-19","Se dirige a otro pozo","No"
"1",,"12999800",,"MOV","Mov a otra locacion sin falla","N/A","Se envía a Loc  SET 3","3/9/2022 12:59 AM","LCav-19","Se dirige a otro pozo","No"
"1",,"11970682",,"MOV","Mov a otra locacion sin falla","N/A","Se envía a LOC  SET 3","3/9/2022 1:10 AM","LCav-19","Se dirige a otro pozo","No"
"1",,"11528735",,"MOV","Mov a otra locacion sin falla","N/A","Se va a otro SET","3/9/2022 6:18 PM","LCav-19","Base Añelo","No"
"1",,"12589516",,"REAC","Falla mayor (Equipo no operativo)","Fluid-End","Baja por fisura en p5","3/10/2022 3:20 AM","LCav-19","Base Añelo","No"
"1",,"11528740",,"MOV","Mov a otra locacion sin falla","N/A","Va a SET 2.-","3/11/2022 12:44 AM","LCav-19","Se dirige a otro pozo","No"
"1",,"11528740",,"MOV","Mov a otra locacion sin falla","N/A","Se envía a SET 2","3/11/2022 3:33 AM","LCav-19","Se dirige a otro pozo","No"
"1",,"11528740",,"MOV","Mov a otra locacion sin falla","N/A","Se envía a SET 2","3/11/2022 3:33 AM","LCav-19","Se dirige a otro pozo","No"
"3",,"11326934",,"REAC","Falla mayor (Equipo no operativo)","N/A","piston agarrado","3/12/2022 6:31 PM","Loc-278","Base Añelo","No"
"3",,"13038511",,"MOV","Prestamo a otra PSL sin falla","N/A","devolucuion","3/12/2022 6:34 PM","Loc-278","Base Añelo","No"
"3",,"12108472",,"REAC","Falla mayor (Equipo no operativo)","N/A","piston agarrado","3/12/2022 6:37 PM","Loc-278","Base Añelo","No"
"3",,"12108472",,"REAC","Falla mayor (Equipo no operativo)","N/A","piston agarrado","3/12/2022 6:37 PM","Loc-278","Base Añelo","No"
"3",,"11754304",,"REAC","Falla mayor (Equipo no operativo)","Fluid-End","3 esparragos cortados de Fluid-End","3/12/2022 7:59 PM","Loc-278","Base Añelo","No"
"3",,"12157794",,"REAC","Falla mayor (Equipo no operativo)","Motor","Perdida de aceite por linea de ventilacion del turbo.","3/12/2022 11:01 AM","Loc-278","Base Añelo","No"
"3",,"12608142",,"REAC","Falla menor (Equipo puede operar)","Power-End","piston agarrado","3/13/2022 5:53 PM","Loc-278","Base Añelo","No"
"3",,"11691240",,"REAC","Falla mayor (Equipo no operativo)","Fluid-End","cuerpo fisurado","3/13/2022 6:01 PM","Loc-278","Base Añelo","No"
"3",,"12468286",,"REAC","Falla mayor (Equipo no operativo)","Fluid-End","Pierde por camisa pistón 5. Se encamisó y sigue perdiendo.","3/13/2022 10:07 PM","Loc-278","Base Añelo","No"
"3",,"12608142",,"REAC","Falla mayor (Equipo no operativo)","Fluid-End","Prensa agarrado pistón 3","3/13/2022 2:18 PM","Loc-278","Base Añelo","No"
"3",,"11691240",,"REAC","Falla mayor (Equipo no operativo)","N/A","Fisura en piston1","3/15/2022 5:46 AM","Loc-278","Base Añelo","No"
"3",,"11691240",,"REAC","Falla mayor (Equipo no operativo)","Fluid-End","fisura piston 5","3/13/2022 9:50 AM","Loc-278","Base Añelo","No"
"2",,"11528735",,"REAC","Falla mayor (Equipo no operativo)","Transmision","falla en transmision ","3/15/2022 6:43 PM","SB-61","Base Añelo","No"
"2",,"11528735",,"REAC","Falla mayor (Equipo no operativo)","Transmision","falla en transmision ","3/15/2022 6:43 PM","SB-61","Base Añelo","No"
"3",,"11970888",,"REAC","Falla mayor (Equipo no operativo)","Fluid-End","Camisa piston 3, Esparrago cortado.","3/15/2022 10:31 PM","Loc-278","Base Añelo","No"
"2",,"13038511",,"REAC","Falla mayor (Equipo no operativo)","Fluid-End","Piston 5 queda con juego rosca dañada no se pudo desarmar en locacion","3/16/2022 4:03 AM","SB-61","Base Añelo","No"
"2",,"13038511",,"REAC","Falla mayor (Equipo no operativo)","Fluid-End","piston 5 queda agarrado sobre la T","3/16/2022 10:45 AM","SB-61","Base Añelo","No"
"3",,"11720335",,"REAC","Falla mayor (Equipo no operativo)","Motor","rota bomba de aceite transmision","3/16/2022 6:29 PM","Loc-278","Base Añelo","No"
"3",,"11970682",,"REAC","Falla menor (Equipo puede operar)","Fluid-End","premsa agarrado","3/17/2022 2:45 AM","Loc-278","Base Añelo","No"
"3",,"12506570",,"REAC","Falla mayor (Equipo no operativo)","Transmision","rotura de bomba precarga de transmision","3/17/2022 2:55 AM","Loc-278","Base Añelo","No"
"3",,"11501080",,"REAC","Falla mayor (Equipo no operativo)","Reductora","ruido en la caja ","3/18/2022 1:03 PM","Loc-278","Base Añelo","No"
"3",,"11970658",,"REAC","Falla mayor (Equipo no operativo)","Reductora","ruido en la caja ","3/18/2022 2:04 PM","Loc-278","Base Añelo","No"
"3",,"12545652",,"REAC","Falla mayor (Equipo no operativo)","Power-End","fisura de power en end ","3/18/2022 10:42 PM","Loc-278","Base Añelo","No"
"3",,"13038520",,"REAC","Falla mayor (Equipo no operativo)","Power-End","fisura de power end","3/18/2022 10:44 PM","Loc-278","Base Añelo","No"
"2",,"12002163",,"REAC","Falla mayor (Equipo no operativo)","Fluid-End","ROTURA DE  ASIENTO DE  DESCARGA  EN  PISTON NRO 3","3/18/2022 11:36 PM","SB-61","Base Añelo","No"
"2",,"12002163",,"REAC","Falla mayor (Equipo no operativo)","Fluid-End","ROTURA DE  ASIENTO DE  DESCARGA  EN  PISTON NRO 3","3/18/2022 11:36 PM","SB-61","Base Añelo","No"
"2",,"13038538",,"REAC","Falla mayor (Equipo no operativo)","Motor","PERDIDA DE ACEITE EN TURBOCOMPRESOR","3/19/2022 12:15 AM","SB-61","Base Añelo","No"
"3",,"12622242",,"REAC","Falla mayor (Equipo no operativo)","Fluid-End","fisurada piston 3 ","3/19/2022 12:16 PM","Loc-278","Base Añelo","No"
"3",,"12589534",,"REAC","Falla mayor (Equipo no operativo)","Motor","se rompe la caja ","3/19/2022 6:34 PM","Loc-278","Base Añelo","No"
"3",,"11647244",,"REAC","Falla mayor (Equipo no operativo)","Power-End","rotura interna de power end","3/19/2022 9:50 PM","Loc-278","Base Añelo","No"
"2",,"11568617",,"REAC","Falla mayor (Equipo no operativo)","Reductora","BAJA PARA REVISION DE IEM EN REDUCTOR ","3/20/2022 5:35 AM","SB-61","Base Añelo","No"
"2",,"11568617",,"REAC","Falla mayor (Equipo no operativo)","Reductora","BAJA PARA REVISION DE IEM EN REDUCTOR ","3/20/2022 5:35 AM","SB-61","Base Añelo","No"
"3",,"11970682",,"REAC","Falla mayor (Equipo no operativo)","Radiador Vertical","rotura de cardan corto","3/21/2022 8:37 PM","Loc-278","Base Añelo","No"
"3",,"12506573",,"MOV","Prestamo a otra PSL sin falla","N/A","comodoro","3/22/2022 8:05 PM","Loc-278","Base Añelo","No"
"2",,"13038529",,"REAC","Falla mayor (Equipo no operativo)","Motor","PERDIDA DE ACEITE POR TURBO","3/22/2022 10:19 PM","SB-61","Base Añelo","No"
"2",,"11691523",,"PREV","Inspeccion","N/A","Pedida por IEM","3/23/2022 3:42 PM","SB-61","Base Añelo","No"
"3",,"11970682",,"REAC","Falla menor (Equipo puede operar)","Fluid-End","Prensa n3 agarrado, revisar camisa n3.","3/23/2022 11:06 PM","Loc-278","Base Añelo","No"
"2",,"12643202",,"REAC","Falla mayor (Equipo no operativo)","Motor","Problemas de motor (inyectores o valvulas)","3/24/2022 4:52 PM","SB-61","Base Añelo","No"
"2",,"13038517",,"REAC","Falla mayor (Equipo no operativo)","Fluid-End","baja por piston 5 agarrado","3/25/2022 1:42 AM","SB-61","Base Añelo","No"
"3",,"11326934",,"MOV","Mov a otra locacion sin falla","N/A","prestamo shell","3/25/2022 2:22 AM","Loc-278","Se dirige a otro pozo","No"
"3",,"12531951",,"PREV","PM / Service","N/A","Baja bomba por rotacion ( prioridad 1 ).","3/25/2022 4:00 AM","Loc-278","Base Añelo","No"
"3",,"12589528",,"PREV","PM / Service","N/A","Baja equipo por rotacion ( prioridad 1 ).","3/25/2022 6:00 AM","Loc-278","Base Añelo","No"
"2",,"12468283",,"PREV","PM / Service","Fluid-End","Fluid end fisurado, piston 5","3/25/2022 11:12 AM","SB-61","Base Añelo","No"
"2",,"12002163",,"PREV","PM / Service","Fluid-End","Asiento de descarga barrido sin rebarba para agarre","3/25/2022 12:21 PM","SB-61","Base Añelo","No"
"3",,"12999800",,"REAC","Falla mayor (Equipo no operativo)","Reductora","perdida por reten de eje caja reductora","3/25/2022 8:06 PM","Loc-278","Base Añelo","No"
"2",,"13038538",,"REAC","Falla mayor (Equipo no operativo)","Motor","PERDIDA POR RETEN DE POLEA DEL ALTERNADOR","3/26/2022 3:25 AM","SB-61","Base Añelo","No"
"3",,"11501065",,"REAC","Falla menor (Equipo puede operar)","N/A","Baja por prioridad de iem","3/26/2022 1:09 PM","Loc-278","Base Añelo","No"
"3",,"11720335",,"REAC","Falla menor (Equipo puede operar)","Fluid-End","Succion pinchada, baja para repasar soldadura.","3/26/2022 1:11 PM","Loc-278","Base Añelo","No"
"3",,"11970658",,"PREV","PM / Service","N/A","baja a base por rotacion prioridad 1","3/26/2022 1:40 PM","Loc-278","Base Añelo","No"
"3",,"12506570",,"PREV","PM / Service","N/A","pm","3/26/2022 6:24 PM","Loc-278","Base Añelo","No"
"2",,"11597004",,"PREV","PM / Service","Fluid-End","Fisura fluid end piston 4","3/26/2022 6:27 PM","SB-61","Base Añelo","No"
"2",,"11691538",,"PREV","PM / Service","Fluid-End","FISURA EN FLUID END, piston 3","3/26/2022 6:32 PM","SB-61","Base Añelo","No"
"2",,"11691538",,"PREV","PM / Service","Fluid-End","FISURA EN FLUID END, piston 3","3/26/2022 6:32 PM","SB-61","Base Añelo","No"
"2",,"11647244",,"MOV","DTM sin falla","N/A","jh","3/26/2022 9:43 PM","SB-61","Base Añelo","No"
"2",,"11647244",,"MOV","DTM sin falla","N/A","jh","3/26/2022 9:43 PM","SB-61","Base Añelo","No"
"2",,"13038514",,"MOV","DTM sin falla","N/A","mal cargada al programa","3/26/2022 9:59 PM","SB-61","Base Añelo","No"
"2",,"13038532",,"REAC","Falla mayor (Equipo no operativo)","Fluid-End","FISURA PISTON 1","3/26/2022 10:40 PM","SB-61","Base Añelo","No"
"2",,"12468265",,"REAC","Falla mayor (Equipo no operativo)","N/A","piston 4 agarrado","3/27/2022 2:30 PM","SB-61","Base Añelo","No"
"3",,"11326732",,"PREV","PM / Service","N/A","rotacion prioridad 1","3/28/2022 5:41 AM","Loc-278","Base Añelo","No"
"2",,"13057735",,"MOV","Mov a otra locacion sin falla","N/A","Baja a base, Devolucion al SET1","3/28/2022 12:51 PM","SB-61","Base Añelo","No"
"2",,"12546214",,"PREV","PM / Service","N/A","devolucion/ baja con bajada completa y transducer de 20k.realizar pm.baja con 17 etapas en valvulas de descarga","3/29/2022 2:29 AM","SB-61","Base Añelo","No"
"2",,"13057750",,"PREV","PM / Service","Fluid-End","Piston 1 agarrado (rosca falseada)","3/29/2022 9:39 AM","SB-61","Base Añelo","No"
"2",,"13038511",,"PREV","PM / Service","Fluid-End","piston 1 agarrado","3/29/2022 7:51 PM","SB-61","Base Añelo","No"
"2",,"11580946",,"REAC","Falla menor (Equipo puede operar)","Radiador Vertical","Radiadores tapados","3/31/2022 11:26 AM","SB-61","Base Añelo","No"
"3",,"11501075",,"PREV","PM / Service","N/A","Rotación IEM","3/31/2022 11:35 AM","Loc-278","Base Añelo","No"
"3",,"12589534",,"PREV","Inspeccion","N/A","Prioridad 2","3/31/2022 10:47 PM","Loc-278","Base Añelo","No"
"3",,"11326934",,"PREV","Inspeccion","N/A","Prioridad 2","3/31/2022 10:50 PM","Loc-278","Base Añelo","No"
"3",,"11501075",,"PREV","Inspeccion","N/A","Prioridad 2","3/31/2022 10:56 PM","Loc-278","Base Añelo","No"
"3",,"11501065",,"REAC","Falla menor (Equipo puede operar)","Fluid-End","Valvula de descarga Nro1 agarrada en asiento","4/1/2022 12:13 AM","Loc-278","Base Añelo","No"
"3",,"12999800",,"REAC","Falla menor (Equipo puede operar)","Fluid-End","falla en porta guia de succion Nro3","4/1/2022 3:46 AM","Loc-278","Base Añelo","No"
"3",,"12531951",,"REAC","Falla mayor (Equipo no operativo)","Motor","Falla en turbo","4/1/2022 3:50 AM","Loc-278","Base Añelo","No"
"2",,"11970698",,"REAC","Falla mayor (Equipo no operativo)","N/A","fisura en piston 3, ","4/1/2022 12:17 PM","SB-61","Base Añelo","No"
"3",,"12506558",,"PREV","PM / Service","N/A","falla en cambio de turno (Ecxel)","4/1/2022 8:21 PM","Loc-278","Base Añelo","No"
"3",,"12589516",,"PREV","PM / Service","N/A","gs","4/1/2022 8:29 PM","Loc-278","Base Añelo","No"
"3",,"11528725",,"PREV","PM / Service","N/A","sdfas","4/1/2022 8:30 PM","Loc-278","Base Añelo","No"
"3",,"11970564",,"PREV","Inspeccion","Motor","efa","4/1/2022 8:32 PM","Loc-278","Base Añelo","No"
"3",,"12545652",,"REAC","Falla menor (Equipo puede operar)","Fluid-End","Prensa agarrado Nro 4","4/1/2022 11:09 PM","Loc-278","Base Añelo","No"
"2",,"11452211",,"PREV","Inspeccion","N/A","BAJA A PEDIDO DE IEM","4/2/2022 1:00 AM","SB-61","Base Añelo","No"
"3",,"12546214",,"MOV","Mov a otra locacion sin falla","N/A","Bombeador se dirige a Añelo sin fallas criticas.","4/2/2022 9:09 AM","Loc-278","Base Añelo","No"
"3",,"13057738",,"MOV","Mov a otra locacion sin falla","N/A","Bombeador baja a base añelo por rotacion de equipos.Sin fallas criticas","4/2/2022 10:23 AM","Loc-278","Base Añelo","No"
"2",,"11754409",,"REAC","Falla mayor (Equipo no operativo)","Motor","problemas de inyectores","4/2/2022 10:56 AM","SB-61","Base Añelo","No"
"2",,"13038538",,"REAC","Falla mayor (Equipo no operativo)","Motor","Falla en turbo de admision lado conductor.","4/3/2022 2:51 AM","SB-61","Base Añelo","No"
"2",,"12002163",,"REAC","Falla mayor (Equipo no operativo)","Motor","Falla en turbo lado acompañante. Pedida por IEM para revisar en base","4/3/2022 11:50 PM","SB-61","Base Añelo","No"
"2",,"11568617",,"REAC","Falla mayor (Equipo no operativo)","Transmision","Caja reductora con juego. Pedida por IEM para revisar en base.","4/3/2022 11:54 PM","SB-61","Base Añelo","No"
"3",,"12589534",,"MOV","DTM sin falla","N/A","DTM","4/2/2022 7:00 PM","Loc-278","Base Añelo","No"
"3",,"11516556",,"MOV","DTM sin falla","N/A","DTM","4/2/2022 7:00 PM","Loc-278","Base Añelo","No"
"3",,"12108472",,"MOV","DTM sin falla","N/A","DTM","4/2/2022 7:00 PM","Loc-278","Base Añelo","No"
"2",,"13057723",,"REAC","Falla mayor (Equipo no operativo)","Motor","Se pasa gas oil al aceite. IEM solicita bajarla para revisar en base","4/5/2022 5:08 AM","SB-61","Base Añelo","No"
"2",,"13057723",,"REAC","Falla mayor (Equipo no operativo)","Motor","Se pasa gas oil al aceite","4/5/2022 6:26 AM","SB-61","Base Añelo","No"
"3",,"13038520",,"MOV","DTM sin falla","N/A","DTM","4/2/2022 7:39 AM","Loc-278","Base Añelo","No"
"3",,"12546259",,"MOV","DTM sin falla","N/A","DTM","4/2/2022 7:00 PM","Loc-278","Base Añelo","No"
"3",,"11647244",,"MOV","DTM sin falla","N/A","DTM","4/2/2022 7:00 PM","Loc-278","Base Añelo","No"
"3",,"11501065",,"MOV","DTM sin falla","N/A","DTM","4/2/2022 7:00 PM","Loc-278","Base Añelo","No"
"3",,"12589528",,"MOV","DTM sin falla","N/A","DTM","4/2/2022 7:00 PM","Loc-278","Base Añelo","No"
"3",,"11501075",,"MOV","DTM sin falla","N/A","DTM","4/2/2022 7:00 PM","Loc-278","Base Añelo","No"
"3",,"12622242",,"MOV","DTM sin falla","N/A","DTM","4/2/2022 7:00 PM","Loc-278","Base Añelo","No"
"3",,"11326732",,"MOV","DTM sin falla","N/A","DTM","4/2/2022 7:00 PM","Loc-278","Base Añelo","No"
"3",,"11691240",,"MOV","DTM sin falla","N/A","DTM","4/2/2022 7:00 PM","Loc-278","Base Añelo","No"
"3",,"11970682",,"MOV","DTM sin falla","N/A","DTM","4/2/2022 7:00 PM","Loc-278","Base Añelo","No"
"3",,"13038526",,"MOV","DTM sin falla","N/A","DTM","4/2/2022 7:00 PM","Loc-278","Base Añelo","No"
"3",,"11451139",,"MOV","DTM sin falla","N/A","DTM","4/2/2022 7:00 PM","Loc-278","Base Añelo","No"
"3",,"12506564",,"MOV","DTM sin falla","N/A","DTM","4/2/2022 7:00 PM","Loc-278","Base Añelo","No"
"3",,"11720335",,"MOV","DTM sin falla","N/A","DTM","4/2/2022 7:00 PM","Loc-278","Base Añelo","No"
"3",,"12999800",,"MOV","DTM sin falla","N/A","DTM","4/2/2022 7:00 PM","Loc-278","Base Añelo","No"
"3",,"12506570",,"MOV","DTM sin falla","N/A","DTM","4/2/2022 7:00 PM","Loc-278","Base Añelo","No"
"3",,"11501080",,"MOV","DTM sin falla","N/A","DTM","4/2/2022 7:00 PM","Loc-278","Base Añelo","No"
"3",,"11528725",,"MOV","DTM sin falla","N/A","DTM","4/2/2022 7:00 PM","Loc-278","Base Añelo","No"
"3",,"11970658",,"MOV","DTM sin falla","N/A","DTM","4/2/2022 7:00 PM","Loc-278","Base Añelo","No"
"3",,"12999794",,"MOV","DTM sin falla","N/A","DTM","4/2/2022 7:00 PM","Loc-278","Base Añelo","No"
"2",,"13038532",,"REAC","Falla mayor (Equipo no operativo)","N/A","asiento descarga clavado","4/5/2022 6:27 PM","SB-61","Base Añelo","No"
"2",,"11317872",,"REAC","Falla mayor (Equipo no operativo)","Fluid-End","Fisura piston 3","4/5/2022 11:05 PM","SB-61","Base Añelo","No"
"2",,"13038517",,"MOV","DTM sin falla","N/A","DTM. Prioridad 1","4/7/2022 2:04 AM","SB-61","Base Añelo","No"
"2",,"13038514",,"MOV","DTM sin falla","N/A","DTM prioridad 1","4/7/2022 2:06 AM","SB-61","Base Añelo","No"
"2",,"13057729",,"MOV","DTM sin falla","N/A","DTM prioridad 1","4/7/2022 3:30 AM","SB-61","Base Añelo","No"
"2",,"12153244",,"MOV","DTM sin falla","N/A","DTM prioridad 1","4/7/2022 3:31 AM","SB-61","Base Añelo","No"
"2",,"13057732",,"MOV","DTM sin falla","N/A","DTM prioridad 1","4/7/2022 3:47 AM","SB-61","Base Añelo","No"
"2",,"13057720",,"MOV","DTM sin falla","N/A","DTM prioridad 1","4/7/2022 3:48 AM","SB-61","Base Añelo","No"
"2",,"13057726",,"MOV","DTM sin falla","N/A","DTM prioridad 1","4/7/2022 3:50 AM","SB-61","Base Añelo","No"
"2",,"12468265",,"MOV","DTM sin falla","N/A","DTM prioridad 1","4/7/2022 4:12 AM","SB-61","Base Añelo","No"
"2",,"12468283",,"MOV","DTM sin falla","N/A","DTM priorida 1","4/7/2022 4:16 AM","SB-61","Base Añelo","No"
"2",,"11326934",,"MOV","DTM sin falla","N/A","DTM prioridad 2","4/7/2022 4:18 AM","SB-61","Base Añelo","No"
"2",,"13038523",,"MOV","DTM sin falla","N/A","DTM prioridad 2","4/7/2022 4:21 AM","SB-61","Base Añelo","No"
"2",,"11568617",,"MOV","DTM sin falla","N/A","DTM prioridad 2","4/7/2022 4:22 AM","SB-61","Base Añelo","No"
"2",,"13057750",,"MOV","DTM sin falla","N/A","DTM prioridad 2","4/7/2022 4:24 AM","SB-61","Base Añelo","No"
"2",,"11691538",,"MOV","DTM sin falla","N/A","DTM prioridad 2","4/7/2022 4:25 AM","SB-61","Base Añelo","No"
"2",,"13057735",,"MOV","DTM sin falla","N/A","Baja para ser asignada a SET 3","4/7/2022 4:28 AM","SB-61","Base Añelo","No"
"2",,"12546214",,"MOV","DTM sin falla","N/A","Baja para ser asignada a SET 3","4/7/2022 4:32 AM","SB-61","Base Añelo","No"
"2",,"11970658",,"REAC","Falla mayor (Equipo no operativo)","Fluid-End","Fisura piston 3. Se encamiso piston y seguia perdiendo.","4/7/2022 4:33 AM","SB-61","Base Añelo","No"
"3",,"12506564",,"REAC","Falla mayor (Equipo no operativo)","Power-End","posible falla en engranaje de rodamiento","4/9/2022 4:17 AM","Loc-271","Base Añelo","No"
"2",,"13057735",,"MOV","DTM sin falla","N/A","ERROR DE CARGA DE EQUIPO EN PLANILLA","4/9/2022 3:30 PM","SB-52","Base Añelo","No"
"3",,"12999800",,"REAC","Falla mayor (Equipo no operativo)","Fluid-End","fluid end erosionado","4/9/2022 11:21 PM","Loc-271","Base Añelo","No"
"3",,"11501065",,"REAC","Falla mayor (Equipo no operativo)","Fluid-End","Fluid end erosionado","4/10/2022 3:28 AM","Loc-271","Base Añelo","No"
"3",,"11501080",,"REAC","Falla mayor (Equipo no operativo)","Transmision","Rotura de manguera de aceite en motor, lavado completo de equipo.","4/10/2022 1:24 PM","Loc-271","Base Añelo","No"
"3",,"10000000",,"REAC","Falla mayor (Equipo no operativo)","N/A","PRUEBA-TEST","4/12/2022 6:52 PM","SB-61","Base Añelo","No"
"3",,"10000000",,"MOV","DTM sin falla","N/A","Prueba-TEST","4/12/2022 7:50 PM","SB-61","Base Añelo","No"
"1",,"13057741",,"PREV","Inspeccion","Motor","alerta por exceso de temperatura de escape","4/12/2022 9:49 PM","BdC-5A","Base Añelo","No"
"1",,"13057741",,"PREV","Inspeccion","Motor","alerta por exceso de temperatura de escape","4/12/2022 9:49 PM","BdC-5A","Base Añelo","No"
"3",,"12108472",,"REAC","Falla menor (Equipo puede operar)","Power-End","Fisura en cuerpo de power end","4/13/2022 1:58 AM","Loc-271","Base Añelo","No"
"3",,"12002163",,"MOV","Mov a otra locacion sin falla","N/A",".","4/14/2022 12:55 AM","Loc-271","Se dirige a otro pozo","No"
"2",,"12153244",,"REAC","Falla menor (Equipo puede operar)","N/A","pedida por iem","4/14/2022 5:58 AM","SB-52","Base Añelo","No"
"2",,"11970658",,"REAC","Falla menor (Equipo puede operar)","N/A","solicitada por iem","4/14/2022 6:01 AM","SB-52","Base Añelo","No"
"1",,"12999791",,"REAC","Falla mayor (Equipo no operativo)","Motor","Alerta de turbo","4/14/2022 6:17 AM","BdC-5A","Base Añelo","No"
"1",,"13057735",,"REAC","Falla mayor (Equipo no operativo)","Fluid-End","Asiento piston 2 y 3 roto","4/14/2022 6:30 AM","BdC-5A","Base Añelo","No"
"3",,"11754409",,"MOV","Mov a otra locacion sin falla","N/A","se pasa a otra loc","4/14/2022 7:28 AM","Loc-271","Se dirige a otro pozo","No"
"3",,"11754409",,"MOV","Mov a otra locacion sin falla","N/A","se pasa a otra loc","4/14/2022 7:10 AM","Loc-271","Se dirige a otro pozo","No"
"3",,"11754409",,"MOV","Mov a otra locacion sin falla","N/A","se pasa a otra loc","4/14/2022 7:10 AM","Loc-271","Se dirige a otro pozo","No"
"3",,"11647244",,"REAC","Falla mayor (Equipo no operativo)","Transmision","residuos metalicos en filtro mgnetico","4/14/2022 7:42 AM","Loc-271","Base Añelo","No"
"1",,"11542685",,"REAC","Falla mayor (Equipo no operativo)","No se sabe","Bulones cortados en cardan cortos","4/15/2022 1:03 AM","BdC-5A","Base Añelo","No"
"1",,"12129757",,"REAC","Falla mayor (Equipo no operativo)","Motor","Baja por pedido de IEM por alerta de Turbo","4/15/2022 1:15 AM","BdC-5A","Base Añelo","No"
"2",,"13038517",,"PREV","PM / Service","N/A","bajada pedida por IEM","4/15/2022 1:13 PM","SB-52","Base Añelo","No"
"3",,"11754304",,"REAC","Falla mayor (Equipo no operativo)","Motor","gasea excesivo en motor","4/15/2022 3:14 PM","Loc-271","Base Añelo","No"
"3",,"12622242",,"REAC","Falla mayor (Equipo no operativo)","Fluid-End","esparragos cortados  y  perdida  por  reten de  reductora","4/16/2022 12:10 AM","Loc-271","Base Añelo","No"
"3",,"11647244",,"REAC","Falla mayor (Equipo no operativo)","Transmision","no levanta presion de aceite entransmision","4/16/2022 6:10 AM","Loc-271","Base Añelo","No"
"3",,"12643286",,"MOV","DTM sin falla","N/A","mal cargadda","4/16/2022 10:03 AM","Loc-271","Base Añelo","No"
"2",,"13038532",,"PREV","PM / Service","Fluid-End","Piston 1 agarrado, asiento de descarga roto, valvula de succion 5 agarrada","4/16/2022 10:07 PM","SB-52","Base Añelo","No"
"1",,"13057735",,"REAC","Falla mayor (Equipo no operativo)","N/A","No tenemos repuesto en locación para reparar","4/16/2022 6:00 PM","BdC-5A","Base Añelo","No"
"1",,"13057735",,"REAC","Falla mayor (Equipo no operativo)","N/A","Mtto a base para sacar asiento","4/17/2022 2:43 PM","BdC-5A","Base Añelo","No"
"1",,"12608139",,"REAC","Falla mayor (Equipo no operativo)","N/A","BAJA A BASE AÑELO POR FALTA DE RESPEUSTOS EN POZO","4/17/2022 2:54 PM","BdC-5A","Base Añelo","No"
"2",,"13038523",,"REAC","Falla mayor (Equipo no operativo)","N/A","piston 2 agarrado, no se puede empaquetar","4/18/2022 6:31 AM","SB-52","Base Añelo","No"
"2",,"11754409",,"REAC","Falla mayor (Equipo no operativo)","Caja angular","se baja por pedido de iem falta de repuestos y medios para reparar en locacion","4/18/2022 1:21 PM","SB-52","Base Añelo","No"
"2",,"11754409",,"REAC","Falla mayor (Equipo no operativo)","Radiador Vertical","cardan corto cortado","4/18/2022 8:04 PM","SB-52","Base Añelo","No"
"2",,"11754409",,"REAC","Falla mayor (Equipo no operativo)","Radiador Vertical","cardan corto cortado","4/18/2022 8:04 PM","SB-52","Base Añelo","No"
"2",,"11326934",,"REAC","Falla mayor (Equipo no operativo)","Fluid-End","(prensa agarrado) rotura en empaquetadura piston nro 2. se interrvino en  pozo pero baja  por  presentar  prensa agarrado. piston marcado. reivar  funcionamiento de  grasera","4/19/2022 3:07 PM","SB-52","Base Añelo","No"
"1",,"12999791",,,"Falla menor, falta MTTO","Camisa ","Bajo por falta de repuestos","4/20/2022 1:47 PM","BdC-5A","Base Añelo","No"
"1",,"12608142",,"REAC","Falla mayor (Equipo no operativo)","Transmision","Baja a base añelo por falla en transmision, baja sin pistones en power end, no tiene embolo de piston numero 3.","4/20/2022 3:30 PM","BdC-5A","Base Añelo","No"
"1",,"11528715",,"REAC","Falla mayor (Equipo no operativo)","Fluid-End","Cambiar asiento P1","4/20/2022 8:35 PM","BdC-5A","Base Añelo","No"
"2",,"12153244",,"REAC","Falla mayor (Equipo no operativo)","Motor","Solicitada por IEM","4/20/2022 10:48 PM","SB-52","Base Añelo","No"
"1",,"11528735",,"REAC","Falla mayor (Equipo no operativo)","Reductora","Caja de reductora","4/18/2022 11:50 PM","BdC-5A","Base Añelo","No"
"1",,"12608142",,"REAC","Falla mayor (Equipo no operativo)","Transmision","Transmision rota","4/19/2022 11:59 PM","BdC-5A","Base Añelo","No"
"1",,"12999791",,"REAC","Falla mayor (Equipo no operativo)","Fluid-End","asiento roto","4/21/2022 1:16 AM","BdC-5A","Base Añelo","No"
"1",,"12546214",,"REAC","Falla mayor (Equipo no operativo)","Fluid-End","Piston 3 agarrado","4/21/2022 3:26 AM","BdC-5A","Base Añelo","No"
"2",,"11754409",,"REAC","Falla mayor (Equipo no operativo)","Fluid-End","Fusible piston tres agarrado.","4/21/2022 11:52 AM","SB-52","Base Añelo","No"
"3",,"11720335",,"REAC","Falla mayor (Equipo no operativo)","Fluid-End","Cuerpo fisurado alojamiento Nro 1","4/21/2022 4:14 PM","Loc-271","Base Añelo","No"
"2",,"13057750",,"REAC","Falla mayor (Equipo no operativo)","Motor","Equipo gasea aceite por respiradero","4/21/2022 6:26 PM","SB-52","Base Añelo","No"
"2",,"11317872",,"REAC","Falla mayor (Equipo no operativo)","Motor","Radiador pinchado.","4/23/2022 6:21 PM","SB-52","Base Añelo","No"
"1",,"13057741",,"REAC","Falla mayor (Equipo no operativo)","Fluid-End","PISTON 2 AGARRADO CON PIPA ADAPTADOR","4/24/2022 9:09 AM","BdC-5A","Base Añelo","No"
"3",,"11528725",,"REAC","Falla mayor (Equipo no operativo)","Caja angular","Rotura de caja angular ","4/24/2022 11:52 AM","Loc-271","Base Añelo","No"
"1",,"13057741",,"REAC","Falla mayor (Equipo no operativo)","Fluid-End","piston 2 agarrado","4/24/2022 1:18 PM","BdC-5A","Base Añelo","No"
"2",,"13057723",,"REAC","Falla menor (Equipo puede operar)","Power-End","Power end fisurado","4/24/2022 5:52 PM","SB-52","Base Añelo","No"
"3",,"12999794",,"REAC","Falla mayor (Equipo no operativo)","Fluid-End","Fluid end fisurado en alojamiento Nro 1","4/25/2022 1:00 PM","Loc-271","Base Añelo","No"
"3",,"12999806",,"PREV","Inspeccion","Transmision","Filtro magnetico con particulas, perdio potencia en operacion","4/26/2022 8:24 AM","Loc-271","Base Añelo","No"
"1",,"11542685",,"REAC","Falla mayor (Equipo no operativo)","Power-End","PISTON 3 AGARRADO","4/26/2022 6:39 PM","BdC-5A","Base Añelo","No"
"2",,"13038529",,"PREV","Inspeccion","N/A","solicitada por iem","4/26/2022 9:58 PM","SB-52","Base Añelo","No"
"3",,"11501080",,"PREV","PM / Service","N/A","Prioridad 2 a pedido de iem","4/27/2022 3:31 AM","Loc-271","Base Añelo","No"
"2",,"13038538",,"PREV","PM / Service","N/A","pedida por iem","4/28/2022 7:16 PM","SB-52","Base Añelo","No"
"1",,"12999791",,"REAC","Falla mayor (Equipo no operativo)","Fluid-End","baja por asiento piston 2, rotura del mismo y no se puede sacar en pozo","4/28/2022 1:00 PM","BdC-5A","Base Añelo","No"
"1",,"12999791",,"REAC","Falla mayor (Equipo no operativo)","Fluid-End","baja por asiento piston 2, rotura del mismo y no se puede sacar en pozo","4/28/2022 1:00 PM","BdC-5A","Base Añelo","No"
"1",,"11501481",,"REAC","Falla menor (Equipo puede operar)","Fluid-End","baja a base anelo por piston 3 agarrado","4/28/2022 1:01 AM","BdC-5A","Base Añelo","No"
"2",,"12468283",,"REAC","Falla menor (Equipo puede operar)","No se sabe","sjdhdyh","4/29/2022 4:52 PM","SB-52","Base Añelo","No"
"2",,"12468265",,"REAC","Falla mayor (Equipo no operativo)","Fluid-End","VALVULA DE DESCARGA DEL PISTON 5 AGARRADA ","4/30/2022 1:09 AM","SB-52","Base Añelo","No"
"1",,"13038511",,"REAC","Falla mayor (Equipo no operativo)","Reductora","rotura en dumper caja reductora","4/30/2022 10:30 AM","BdC-5A","Base Añelo","No"
"3",,"11516556",,"REAC","Falla mayor (Equipo no operativo)","Motor","Falla en cilindro 5, 10 y 15","4/30/2022 12:42 PM","Loc-271","Base Añelo","No"
"3",,"11451139",,"PREV","PM / Service","Motor","Prioridad 1","4/30/2022 1:56 PM","Loc-271","Base Añelo","No"
"1",,"11528735",,"REAC","Falla mayor (Equipo no operativo)","Reductora","baja a base anelo por zumbito en reductora y alerta de SKF","4/29/2022 9:58 PM","BdC-5A","Base Añelo","No"
"1",,"11691235",,"MOV","DTM sin falla","N/A","BAJA A OTRO SET","4/30/2022 10:02 PM","BdC-5A","Se dirige a otro pozo","No"
"1",,"11528735",,"REAC","Falla mayor (Equipo no operativo)","Reductora","BAJA A BASE POR ZUMBIDO EN REDUCTORA Y ALERTA DE SKF","4/30/2022 10:01 PM","BdC-5A","Base Añelo","No"
"1",,"11528735",,"REAC","Falla menor (Equipo puede operar)","Reductora","BAJA POR ALERTA SKF","4/30/2022 10:04 PM","BdC-5A","Base Añelo","No"
"1",,"11528735",,"REAC","Falla mayor (Equipo no operativo)","Reductora","BAJA A BASE POR ZUMBIDO EN REDUCTORA Y ALERTA DE SKF","4/30/2022 10:01 PM","BdC-5A","Base Añelo","No"
"1",,"11528735",,"REAC","Falla mayor (Equipo no operativo)","Reductora","BAJA A BASE POR ZUMBIDO EN REDUCTORA Y ALERTA DE SKF","4/30/2022 10:01 PM","BdC-5A","Base Añelo","No"
"1",,"11528735",,"REAC","Falla mayor (Equipo no operativo)","Reductora","BAJA A BASE POR ZUMBIDO EN REDUCTORA Y ALERTA DE SKF","4/30/2022 10:01 PM","BdC-5A","Base Añelo","No"
"2",,"13057726",,"REAC","Falla mayor (Equipo no operativo)","Motor","perdida por reten de PE. Gasea por respirador y pérdida de aceite.Pérdida por el block de bobina. Perdida por reten de PTO superior y reten de bancada de motor. Lavar radiadores.","5/1/2022 12:49 PM","SB-52","Base Añelo","No"
"3",,"11754299",,"MOV","Mov a otra locacion sin falla","N/A","traslado a otra locacion (shell)","5/1/2022 2:24 PM","Loc-271","Se dirige a otro pozo","No"
"1",,"11452211",,"PREV","Inspeccion","Motor","baja por pedido de IEM","4/30/2022 10:29 PM","BdC-5A","Base Añelo","No"
"3",,"12545652",,"PREV","PM / Service","Motor","Baja equipo para rotacion, prioridad 1.","5/2/2022 2:15 AM","Loc-271","Base Añelo","No"
"2",,"13038529",,"REAC","Falla mayor (Equipo no operativo)","Motor","Gasea por resirador. Lavar radiador. Cambiar retenes de power end. Perdida de aceite por trompa/reten angular.","5/2/2022 9:56 AM","SB-52","Base Añelo","No"
"3",,"11528730",,"REAC","Falla mayor (Equipo no operativo)","Fluid-End","Rosca en fluid end alojamiento Nro 2 dañada","5/2/2022 12:35 PM","Loc-271","Base Añelo","No"
"1",,"11410827",,"REAC","Falla mayor (Equipo no operativo)","Transmision","FALLA TRANSMISION","5/2/2022 11:00 AM","BdC-5A","Base Añelo","No"
"3",,"11501075",,"PREV","PM / Service","N/A","Prioridad 1","5/3/2022 9:55 AM","Loc-271","Base Añelo","No"
"3",,"12506570",,"PREV","PM / Service","N/A","Prioridad 1","5/3/2022 11:41 AM","Loc-271","Base Añelo","No"
"1",,"13038520",,"REAC","Falla menor (Equipo puede operar)","Transmision","falla en transmision , baja sin pistones (3) y valvulas de fluid end","5/3/2022 1:17 PM","BdC-5A","Base Añelo","No"
"3",,"13057741",,"MOV","Mov a otra locacion sin falla","N/A","Movimiento de Loc 271 (SET3) a Emea (Set1)","5/4/2022 10:11 AM","Loc-271","Se dirige a otro pozo","No"
"3",,"12546214",,"MOV","Mov a otra locacion sin falla","N/A","Movimiento de Loc 271 (SET3) a Emea (set 1)","5/4/2022 10:17 AM","Loc-271","Se dirige a otro pozo","No"
"1",,"11970888",,"REAC","Falla menor (Equipo puede operar)","Transmision","Se encuentran particulas metalicas en filtro magnetico","5/4/2022 2:58 PM","BdC-5A","Base Añelo","No"
"1",,"11970564",,"REAC","Falla mayor (Equipo no operativo)","Motor","PROBLEMA EN TURBO","5/4/2022 3:01 PM","BdC-5A","Base Añelo","No"
"1",,"12999791",,"REAC","Falla mayor (Equipo no operativo)","Fluid-End","baja a base por rotura de asiento succion dos, no se pudo sacar en pozo por rotura  labio en asiento","5/3/2022 8:17 PM","BdC-5A","Base Añelo","No"
"2",,"13038514",,"REAC","Falla mayor (Equipo no operativo)","Fluid-End","fisura piston 1","5/5/2022 1:44 AM","SB-52","Base Añelo","No"
"1",,"12468286",,"REAC","Falla mayor (Equipo no operativo)","Fluid-End","BAJA A BASE A;ELO POR FISURA EN PISTON 2, TAPA FRONTAL","5/5/2022 3:34 AM","BdC-5A","Base Añelo","No"
"1",,"12468286",,"REAC","Falla mayor (Equipo no operativo)","Fluid-End","BAJA A BASE A;ELO POR FISURA EN PISTON 2, TAPA FRONTAL","5/5/2022 3:34 AM","BdC-5A","Base Añelo","No"
"2",,"11580946",,"REAC","Falla mayor (Equipo no operativo)","Fluid-End","fisura en piston 1","5/5/2022 6:07 AM","SB-52","Base Añelo","No"
"2",,"11317872",,"REAC","Falla mayor (Equipo no operativo)","Transmision","transmision dañada","5/5/2022 10:15 AM","SB-52","Base Añelo","No"
"2",,"13057747",,"REAC","Falla mayor (Equipo no operativo)","Motor","perdida de  aceita  por abrazaderas de  flexible  turbocompresor","5/6/2022 6:08 AM","SB-52","Base Añelo","No"
"2",,"11580946",,"REAC","Falla mayor (Equipo no operativo)","Motor","perdida de refigerante por manguera","5/7/2022 12:32 AM","SB-52","Base Añelo","No"
"2",,"11568617",,"REAC","Falla mayor (Equipo no operativo)","N/A","prensa N1 cruzado y agarrado.","5/7/2022 2:17 PM","SB-52","Base Añelo","No"
"1",,"12129760",,"REAC","Falla mayor (Equipo no operativo)","Fluid-End","Fluid End Fisurado Piston 3 descarga en habitaculo de Asiento","5/7/2022 6:16 PM","BdC-5A","Base Añelo","No"
"2",,"11754299",,"REAC","Falla mayor (Equipo no operativo)","Motor","SE CORTA CARDAN CORTO","5/8/2022 1:06 AM","SB-52","Base Añelo","No"
"2",,"13038526",,"REAC","Falla mayor (Equipo no operativo)","Motor","TIRA ACEITE DE MOTOR POR RESPIRADERO","5/8/2022 4:05 AM","SB-52","Base Añelo","No"
"2",,"11754299",,"REAC","Falla mayor (Equipo no operativo)","Motor","ROTURA DE CARDAN CORTO","5/8/2022 4:08 AM","SB-52","Base Añelo","No"
"1",,"12546250",,"REAC","Falla mayor (Equipo no operativo)","Transmision","Problemas en transmisión","5/8/2022 3:29 PM","BdC-5A","Base Añelo","No"
"2",,"11970658",,"REAC","Falla mayor (Equipo no operativo)","Transmision","no tiene presion de rransmision, problema con la bomba de aceite","5/8/2022 6:24 PM","SB-52","Base Añelo","No"
"1",,"12643202",,"REAC","Falla mayor (Equipo no operativo)","Fluid-End","Fisurada Piston N 2","5/9/2022 4:38 PM","BdC-5A","Base Añelo","No"
"1",,"12608136",,"REAC","Falla mayor (Equipo no operativo)","Reductora","Rotura en Reductora","5/9/2022 4:48 PM","BdC-5A","Base Añelo","No"
"1",,"12622242",,"MOV","DTM sin falla","N/A","TESTSOFTWARE","5/9/2022 5:11 PM","BdC-5A","Base Añelo","No"
"1",,"11542695",,"MOV","DTM sin falla","N/A","TESTSOFTWARE","5/9/2022 5:13 PM","BdC-5A","Base Añelo","No"
"3",,"12622242",,"REAC","Falla mayor (Equipo no operativo)","Fluid-End","Fisura en piston 2","5/9/2022 6:43 PM","LCav-26","Base Añelo","No"
"2",,"11754409",,"REAC","Falla mayor (Equipo no operativo)","Transmision","PTOnueva, la que se cambio se partio y se cayo un pedazo a la caja, la cual al ponerla en marcha hace ruido.","5/10/2022 2:40 PM","SB-52","Base Añelo","No"
"2",,"11580946",,"REAC","Falla mayor (Equipo no operativo)","Transmision","transmision dañada","5/10/2022 3:16 PM","SB-52","Base Añelo","No"
"1",,"12506564",,"REAC","Falla mayor (Equipo no operativo)","Transmision","rOTURA DE tRANSMISION","5/10/2022 5:11 PM","BdC-5A","Base Añelo","No"
"1",,"12129757",,"REAC","Falla mayor (Equipo no operativo)","Motor","baja a base anelo por gaseo excesivo de motor","5/11/2022 3:45 AM","BdC-5A","Base Añelo","No"
"1",,"12129757",,"REAC","Falla mayor (Equipo no operativo)","Motor","baja a base anelo por gaseo excesivo de motor","5/11/2022 3:45 AM","BdC-5A","Base Añelo","No"
"3",,"12650542",,"REAC","Falla mayor (Equipo no operativo)","Radiador Horizontal","Radiador horizontal pinchado , no operativa ","5/12/2022 2:12 AM","LCav-26","Base Añelo","No"
"3",,"12546250",,"MOV","Mov a otra locacion sin falla","N/A","Pedida por EMEA","5/11/2022 6:02 PM","LCav-26","Se dirige a otro pozo","No"
"3",,"13057750",,"MOV","Mov a otra locacion sin falla","N/A","se envia a set2","5/12/2022 9:58 AM","LCav-26","Se dirige a otro pozo","No"
"2",,"13038517",,"REAC","Falla mayor (Equipo no operativo)","Caja angular","Se rompio caja angular del radiador horizontal","5/12/2022 10:35 AM","SB-52","Base Añelo","No"
"2",,"13038517",,"REAC","Falla mayor (Equipo no operativo)","Caja angular","Se rompio caja angular del radiador horizontal","5/12/2022 10:35 AM","SB-52","Base Añelo","No"
"3",,"11528730",,"REAC","Falla mayor (Equipo no operativo)","Motor","falla de motor, variacion de rpm","5/12/2022 3:13 PM","LCav-26","Base Añelo","No"
"3",,"12999800",,"REAC","Falla mayor (Equipo no operativo)","Fluid-End","Fisura piston 3","5/12/2022 3:15 PM","LCav-26","Base Añelo","No"
"1",,"11410827",,"REAC","Falla mayor (Equipo no operativo)","Transmision","Problemas en transmisión","5/12/2022 3:44 PM","BdC-5A","Base Añelo","No"
"1",,"12129760",,"REAC","Falla mayor (Equipo no operativo)","Transmision","Rotura en piroblock","5/12/2022 6:35 PM","BdC-5A","Base Añelo","No"
"3",,"11970698",,"REAC","Falla mayor (Equipo no operativo)","Power-End","Falla en caja reductora de power end","5/13/2022 12:33 AM","LCav-26","Base Añelo","No"
"2",,"12545652",,"REAC","Falla mayor (Equipo no operativo)","N/A","piston 3 agarrado","5/13/2022 8:28 AM","SB-52","Base Añelo","No"
"3",,"12506564",,"REAC","Falla menor (Equipo puede operar)","Motor","inyeccion","5/13/2022 10:20 AM","LCav-26","Base Añelo","No"
"3",,"12904154",,"REAC","Falla mayor (Equipo no operativo)","Fluid-End","piston 2 agarrado baj","5/13/2022 6:02 PM","LCav-26","Base Añelo","No"
"3",,"11326732",,"REAC","Falla mayor (Equipo no operativo)","Motor","falla en inyector","5/13/2022 8:32 PM","LCav-26","Base Añelo","No"
"3",,"11451139",,"REAC","Falla mayor (Equipo no operativo)","Fluid-End","Falla en piston Nro 5, realizar pm, falla en testigo de bomba de agua","5/13/2022 9:13 PM","LCav-26","Base Añelo","No"
"2",,"13057747",,"REAC","Falla mayor (Equipo no operativo)","Fluid-End","Fisura de fluid end piston 3","5/14/2022 4:58 AM","SB-52","Base Añelo","No"
"1",,"13057735",,"REAC","Falla mayor (Equipo no operativo)","Transmision","Transmision Rota","5/12/2022 9:45 AM","BdC-5A","Base Añelo","No"
"1",,"12546250",,"REAC","Falla mayor (Equipo no operativo)","Fluid-End","Piston 3 agarrado","5/14/2022 10:09 AM","BdC-5A","Base Añelo","No"
"2",,"11754409",,"REAC","Falla mayor (Equipo no operativo)","Fluid-End","Prensa de piston 2 agarrado. Es necesario empaquetar completa","5/14/2022 8:48 PM","SB-52","Base Añelo","No"
"3",,"12999794",,"REAC","Falla mayor (Equipo no operativo)","Motor","Rotura de cardan corto","5/14/2022 10:33 PM","LCav-26","Base Añelo","No"
"3",,"12506564",,"REAC","Falla mayor (Equipo no operativo)","Fluid-End","Fisura en cuerpo de fluid end alojamiento nro 3","5/15/2022 1:01 AM","LCav-26","Base Añelo","No"
"3",,"11691240",,"REAC","Falla mayor (Equipo no operativo)","Fluid-End","Esparrago cortado ","5/15/2022 6:17 AM","LCav-26","Base Añelo","No"
"1",,"12546214",,"REAC","Falla mayor (Equipo no operativo)","Radiador Vertical","Paleta radiador Rota, se rompe radiador","5/15/2022 9:37 AM","BdC-5A","Base Añelo","No"
"2",,"12468265",,"REAC","Falla mayor (Equipo no operativo)","N/A","cuerpo de piston 3 fisurado","5/15/2022 12:02 PM","SB-52","Base Añelo","No"
"3",,"12904154",,"REAC","Falla mayor (Equipo no operativo)","Fluid-End","Baja por falta de repuestos","5/15/2022 12:48 PM","LCav-26","Base Añelo","No"
"3",,"11501080",,"REAC","Falla mayor (Equipo no operativo)","N/A","falta de materiales para mantenimiento","5/15/2022 4:04 PM","LCav-26","Base Añelo","No"
"3",,"11451139",,"REAC","Falla mayor (Equipo no operativo)","Fluid-End","falta de repuestos valvula","5/15/2022 4:09 PM","LCav-26","Base Añelo","No"
"3",,"12589516",,"REAC","Falla mayor (Equipo no operativo)","Fluid-End","Por falta de repuesto ","5/15/2022 8:09 PM","LCav-26","Base Añelo","No"
"2",,"13038532",,"REAC","Falla mayor (Equipo no operativo)","Fluid-End","Fisura en piston 2. Se le sacan repuestos para reutilizar.","5/15/2022 8:52 PM","SB-52","Base Añelo","No"
"3",,"12650542",,"REAC","Falla mayor (Equipo no operativo)","Fluid-End","baja por falta de repuestos","5/15/2022 10:18 PM","LCav-26","Base Añelo","No"
"2",,"11326934",,"REAC","Falla mayor (Equipo no operativo)","Power-End","Power end fisurado.","5/16/2022 1:09 AM","SB-52","Base Añelo","No"
"3",,"11326732",,"REAC","Falla mayor (Equipo no operativo)","Fluid-End","Falta de repuestos","5/16/2022 3:30 AM","LCav-26","Base Añelo","No"
"2",,"11580946",,"REAC","Falla mayor (Equipo no operativo)","Transmision","Acumulacion de particulas en el filtro magnetico. ","5/16/2022 3:12 AM","SB-52","Base Añelo","No"
"3",,"12999800",,"REAC","Falla mayor (Equipo no operativo)","Motor","Falla en motor ","5/16/2022 6:34 AM","LCav-26","Base Añelo","No"
"1",,"11542695",,"REAC","Falla mayor (Equipo no operativo)","Radiador Vertical","Pérdida por tanque auxiliar de refrigerante","5/16/2022 2:45 AM","BdC-5A","Base Añelo","No"
"3",,"12157794",,"REAC","Falla mayor (Equipo no operativo)","Fluid-End","falta de repuestos, baja a base","5/16/2022 12:14 PM","LCav-26","Base Añelo","No"
"3",,"11528725",,"REAC","Falla mayor (Equipo no operativo)","Fluid-End","falta de repuestos,  equipo no operativo.","5/16/2022 12:15 PM","LCav-26","Base Añelo","No"
"2",,"11754409",,"REAC","Falla mayor (Equipo no operativo)","Transmision","Caja angular dañada","5/16/2022 9:01 PM","SB-52","Base Añelo","No"
"3",,"11970682",,"REAC","Falla mayor (Equipo no operativo)","Fluid-End","Prensa 1 y 2 trabados","5/17/2022 6:28 AM","LCav-26","Base Añelo","No"
"3",,"12531951",,"REAC","Falla mayor (Equipo no operativo)","Fluid-End","a base rompe asiento y valvula.","5/17/2022 11:56 AM","LCav-26","Base Añelo","No"
"2",,"11970658",,"REAC","Falla mayor (Equipo no operativo)","Transmision","Rotura de transmision. No encastra","5/18/2022 3:49 AM","SB-52","Base Añelo","No"
"3",,"11970682",,"MOV","Mov a otra locacion sin falla","N/A","BAJA DE POZO ","5/18/2022 4:15 PM","LCav-26","Se dirige a otro pozo","No"
"2",,"11597004",,"REAC","Falla mayor (Equipo no operativo)","Caja angular","Rotura de caja angular y pto superior","5/18/2022 10:06 PM","SB-52","Base Añelo","No"
"3",,"12506558",,"REAC","Falla mayor (Equipo no operativo)","Transmision","Falla en transmision","5/18/2022 10:59 PM","LCav-26","Base Añelo","No"
"2",,"13057729",,"PREV","Inspeccion","Motor","pedida por iem para revision de turbocompresor, perdida de refrigerante","5/19/2022 4:37 PM","SB-52","Base Añelo","No"
"2",,"11580946",,"REAC","Falla mayor (Equipo no operativo)","Transmision","falla en la transmision.","5/19/2022 7:51 PM","SB-52","Base Añelo","No"
"2",,"13057723",,"REAC","Falla mayor (Equipo no operativo)","Fluid-End","barrio prensa","5/20/2022 6:30 PM","SB-52","Base Añelo","No"
"3",,"11528725",,"REAC","Falla mayor (Equipo no operativo)","Fluid-End","Por falta de repuestos ","5/20/2022 7:53 PM","LCav-26","Base Añelo","No"
"2",,"11970698",,"REAC","Falla mayor (Equipo no operativo)","Fluid-End","Esparrago de fluid end cortado.","5/20/2022 9:05 PM","SB-52","Base Añelo","No"
"3",,"11970698",,"MOV","Mov a otra locacion sin falla","N/A","Traslado a otra locacion","5/21/2022 4:01 AM","LCav-26","Se dirige a otro pozo","No"
"3",,"12506564",,"REAC","Falla mayor (Equipo no operativo)","Fluid-End","Esparrago cortado","5/21/2022 4:52 AM","LCav-26","Base Añelo","No"
"2",,"13038517",,"PREV","PM / Service","N/A","devolucion a set 1 / revision de iem ","5/21/2022 5:09 PM","SB-52","Base Añelo","No"
"3",,"12650542",,"REAC","Falla mayor (Equipo no operativo)","Fluid-End","Baja a base por falta de insertos Q10X de descarga","5/21/2022 9:24 PM","LCav-26","Base Añelo","No"
"3",,"12157794",,"REAC","Falla mayor (Equipo no operativo)","Fluid-End","Falta de repuestos (valvulas)","5/22/2022 12:53 AM","LCav-26","Base Añelo","No"
"3",,"12506570",,"REAC","Falla mayor (Equipo no operativo)","Motor","Falla en motor se observa mezcla de aceite con gasoil","5/22/2022 5:12 AM","LCav-26","Base Añelo","No"
"2",,"12468283",,"MOV","Mov a otra locacion sin falla","N/A","baja a base añelo por devilucion al set 1 ","5/23/2022 6:11 AM","SB-52","Base Añelo","No"
"2",,"13057732",,"PREV","Inspeccion","Motor","baja  pedida  por  iem para  revision de  trubos. hay que  cambiar  bridas de  fluid-end","5/23/2022 2:54 PM","SB-52","Base Añelo","No"
"3",,"11754314",,"REAC","Falla mayor (Equipo no operativo)","Fluid-End","prensa agarrado numero 2","5/23/2022 10:25 PM","LCav-26","Base Añelo","No"
"3",,"11597004",,"REAC","Falla mayor (Equipo no operativo)","Fluid-End","Falla en esparrago de fluid end","5/23/2022 10:35 PM","LCav-26","Base Añelo","No"
"3",,"12589516",,"MOV","Mov a otra locacion sin falla","N/A","Baja a SET 1","5/24/2022 12:42 AM","LCav-26","Base Añelo","No"
"3",,"12999794",,"REAC","Falla mayor (Equipo no operativo)","Fluid-End","esparrago cortado","5/24/2022 3:26 AM","LCav-26","Base Añelo","No"
"2",,"11754299",,"MOV","Mov a otra locacion sin falla","N/A","se presta a set 3","5/24/2022 6:23 AM","SB-52","Se dirige a otro pozo","No"
"2",,"11691538",,"MOV","Mov a otra locacion sin falla","N/A","se devuelve al set 3","5/24/2022 6:25 AM","SB-52","Se dirige a otro pozo","No"
"3",,"11970698",,"MOV","Mov a otra locacion sin falla","N/A","Traslado a Shell","5/25/2022 1:56 AM","LCav-26","Se dirige a otro pozo","No"
"2",,"12002163",,"REAC","Falla mayor (Equipo no operativo)","Sistema eléctrico o electronico","pedida por iem","5/26/2022 3:22 AM","SB-52","Base Añelo","No"
"1",,"11542695",,"MOV","DTM sin falla","N/A","Se agrego bomba sin querer","5/26/2022 6:28 AM","RDMN-40","Base Añelo","No"
"3",,"11691240",,"PREV","PM / Service","N/A","pedido de iem pm","5/26/2022 3:12 PM","LCav-26","Base Añelo","No"
"2",,"11597004",,"REAC","Falla mayor (Equipo no operativo)","Fluid-End","fluid/end fisurado en piston 1","5/26/2022 5:45 PM","SB-52","Base Añelo","No"
"2",,"11970682",,"REAC","Falla mayor (Equipo no operativo)","N/A","fisura en piston 1","5/26/2022 8:30 PM","SB-52","Base Añelo","No"
"1",,"13057741",,"MOV","Mov a otra locacion sin falla","N/A","Devolucion set 2","5/26/2022 10:32 PM","RDMN-40","Se dirige a otro pozo","No"
"2",,"11317872",,"PREV","Inspeccion","N/A","baja a base para mantenimiento para realizar vtv","5/26/2022 11:45 PM","SB-52","Base Añelo","No"
"3",,"12506564",,"MOV","Mov a otra locacion sin falla","N/A","Operativa. Enviada a shell","5/27/2022 2:35 AM","LCav-26","Se dirige a otro pozo","No"
"2",,"11970698",,"REAC","Falla mayor (Equipo no operativo)","Fluid-End","fisura en piston 1","5/27/2022 2:35 AM","SB-52","Base Añelo","No"
"1",,"13057741",,"MOV","Mov a otra locacion sin falla","N/A","baja a set 2","5/27/2022 2:32 PM","RDMN-40","Se dirige a otro pozo","No"
"3",,"11970658",,"REAC","Falla mayor (Equipo no operativo)","Fluid-End","FE fisurado piston 3.","5/27/2022 1:30 PM","LCav-26","Base Añelo","No"
"1",,"13038535",,"MOV","Mov a otra locacion sin falla","N/A","Se devuelve a set 2","5/28/2022 12:00 AM","RDMN-40","Se dirige a otro pozo","No"
"2",,"12999794",,"REAC","Falla mayor (Equipo no operativo)","Fluid-End","tapa frontal del piston 2 barrida","5/28/2022 11:08 AM","SB-52","Base Añelo","No"
"2",,"12546214",,"PREV","PM / Service","N/A","prioridad 1","5/28/2022 3:59 PM","SB-52","Base Añelo","No"
"2",,"13057738",,"PREV","PM / Service","N/A","prioridad 1","5/28/2022 4:08 PM","SB-52","Base Añelo","No"
"3",,"12999806",,"PREV","Inspeccion","N/A","Se envia a base pedida por IEM","5/28/2022 8:47 PM","LCav-26","Base Añelo","No"
"2",,"12468265",,"MOV","Mov a otra locacion sin falla","N/A","devolucion a set 3","5/28/2022 10:56 PM","SB-52","Se dirige a otro pozo","No"
"2",,"12545652",,"MOV","Mov a otra locacion sin falla","N/A","devolucion a set 3","5/29/2022 3:50 AM","SB-52","Se dirige a otro pozo","No"
"1",,"11516541",,"REAC","Falla mayor (Equipo no operativo)","Computadora o sistema de control","La bomba baja con pare de emergencia roto.","5/29/2022 5:23 AM","RDMN-40","Base Añelo","No"
"2",,"12153244",,"PREV","PM / Service","N/A","pedida  por  iem prioridad 1 de  dtm shell pad 52","5/29/2022 5:42 PM","SB-52","Base Añelo","No"
"2",,"12999797",,"MOV","DTM sin falla","N/A","pedida por  iem baja  por  prioridad 1","5/29/2022 5:44 PM","SB-52","Base Añelo","No"
"2",,"13038523",,"MOV","DTM sin falla","N/A","pedida por  iem  baja comn prioridad 1","5/29/2022 5:46 PM","SB-52","Base Añelo","No"
"3",,"11501075",,"REAC","Falla mayor (Equipo no operativo)","N/A","piston agarrado","6/1/2022 5:23 AM","LCav-26","Base Añelo","No"
"3",,"11720335",,"PREV","Inspeccion","Motor","chequeo de turbos","5/31/2022 6:45 AM","LCav-26","Base Añelo","No"
"1",,"12999791",,"REAC","Falla mayor (Equipo no operativo)","Motor","Rotura de Piro Block","6/2/2022 12:15 AM","RDMN-40","Base Añelo","No"
"3",,"11451139",,"PREV","PM / Service","N/A","Prioridad 1","6/2/2022 10:54 AM","LCav-26","Base Añelo","No"
"3",,"12506558",,"REAC","Falla mayor (Equipo no operativo)","Fluid-End","Prensa agarrado Nro 2","6/2/2022 2:24 PM","LCav-26","Base Añelo","No"
"3",,"11691538",,"REAC","Falla mayor (Equipo no operativo)","Transmision","filtro de transmision con particulas de metal","6/2/2022 9:32 PM","LCav-26","Base Añelo","No"
"3",,"11647244",,"REAC","Falla mayor (Equipo no operativo)","Power-End","Falla en caja reductora, bulones cortados","6/3/2022 9:43 AM","LCav-26","Base Añelo","No"
"3",,"11528730",,"PREV","PM / Service","Power-End","Baja a base por prioridad 1. Valvulas de descarga dañadas","6/3/2022 4:21 PM","LCav-26","Base Añelo","No"
"3",,"12589528",,"REAC","Falla mayor (Equipo no operativo)","Motor","rompio cardan corto","6/4/2022 5:51 AM","LCav-26","Base Añelo","No"
"3",,"11970888",,"PREV","PM / Service","N/A","Prioridad 1","6/4/2022 6:29 PM","LCav-26","Base Añelo","No"
"2",,"11970564",,"PREV","Inspeccion","N/A","solicitada por iem","6/5/2022 5:16 AM","P51SB","Base Añelo","No"
"3",,"13038520",,"PREV","PM / Service","N/A","Baja por prioridad 1, realizar PM y empaque completo por cantidad de etapas","6/5/2022 12:06 PM","LCav-26","Base Añelo","No"
"3",,"11326934",,"PREV","PM / Service","N/A","Prioridad 1; sin manifold de grasera, Daisy con fallas; realizar PM y Empaque completo, cambiar camisa Nro4","6/5/2022 2:16 PM","LCav-26","Base Añelo","No"
"2",,"13057735",,"PREV","PM / Service","N/A","baja por mantntenimiento iem","6/6/2022 5:19 PM","P51SB","Base Añelo","No"
"2",,"13057735",,"PREV","PM / Service","N/A","Por mantenimiento de IEM","6/6/2022 5:52 PM","P51SB","Base Añelo","No"
"2",,"13057732",,"MOV","Mov a otra locacion sin falla","N/A","baja a realizar VTV","6/6/2022 5:57 PM","P51SB","Proveedor","No"
"1",,"12589516",,"REAC","Falla menor (Equipo puede operar)","Power-End","fisura en power end","6/6/2022 6:58 PM","RDMN-40","Base Añelo","No"
"3",,"12622242",,"REAC","Falla mayor (Equipo no operativo)","Fluid-End","lubricador agarrado","6/6/2022 11:44 PM","LCav-26","Base Añelo","No"
"3",,"12506558",,"PREV","PM / Service","N/A","prioridad 1","6/6/2022 11:48 PM","LCav-26","Base Añelo","No"
"3",,"11691538",,"REAC","Falla mayor (Equipo no operativo)","Motor","baja por rotura de polea de paleta de radiador","6/7/2022 12:42 AM","LCav-26","Base Añelo","No"
"3",,"13038520",,"PREV","PM / Service","N/A","Se envia a base por pediod d IEM","6/5/2022 4:16 AM","LCav-26","Base Añelo","No"
"3",,"11326732",,"PREV","PM / Service","N/A","Baja a base pedido por iem","6/7/2022 4:32 AM","LCav-26","Base Añelo","No"
"3",,"11597004",,"REAC","Falla mayor (Equipo no operativo)","Fluid-End","Baja por fisura en piston 3","6/7/2022 7:59 PM","LCav-26","Base Añelo","No"
"3",,"11597004",,"REAC","Falla mayor (Equipo no operativo)","Fluid-End","Fisura en piston 3","6/7/2022 8:31 PM","LCav-26","Base Añelo","No"
"3",,"12468265",,"REAC","Falla mayor (Equipo no operativo)","Fluid-End","piston agarrado","6/7/2022 8:39 PM","LCav-26","Base Añelo","No"
"3",,"12546259",,"PREV","PM / Service","N/A","baja por prioridad 1 pedida por IEM","6/7/2022 8:42 PM","LCav-26","Base Añelo","No"
