SAP,Equipo,Patente,SET,,,,,,,,
12171601, 100 KWA disy.,,SET 1,,,,,,,,
12505303, Generador 135 KWA,,SET 4,,,,,,,,
12562739,ADP,AA157LI,SET 1,,,,,,,,
13044822,ADP,AD742SL,SET 2,,,,,,,,
12506584,ADP,ORA339,SET 2,,,,,,,,
13001128,ADP,AE460RG,SET 3,,,,,,,,
13215064,APT,AE314DP,SET 1,,,,,,,,
13214019,APT,AD936EI,SET 2,,,,,,,,
13279413,APT,sin dominio,SET 3,,,,,,,,
13045580,BACKSIDE,sin dominio,SET 4,,,,,,,,
10084293,BOOSTER,AOG187,SET 4,,,,,,,,
11690761,C.Conveyor,sin dominio,SET 4,,,,,,,,
11917433,C.Conveyor,sin dominio,SET 4,,,,,,,,
12041112,C.Conveyor,sin dominio,SET 4,,,,,,,,
12580070,C.Conveyor,sin dominio,SET 4,,,,,,,,
12632077,C.Conveyor,AA157KU,SET 4,,,,,,,,
11561905,C.Conveyor,sin dominio,SET 4,,,,,,,,
11898827,C.Conveyor,sin dominio,SET 4,,,,,,,,
12871538,C.Conveyor,AB539RI,SET 4,,,,,,,,
12604756,C.Conveyor,AA743IM,SET 4,,,,,,,,
13083850,CASILLA,AC819KN,SET 4,,,,,,,,
13083849,CASILLA,AC819KO,SET 4,,,,,,,,
13083848,CASILLA,AC819KP,SET 4,,,,,,,,
13171900,CASILLA,AD172TT,SET 4,,,,,,,,
13171897,CASILLA,AD234MI,SET 4,,,,,,,,
13171898,CASILLA,AD234MK,SET 4,,,,,,,,
13171899,CASILLA,AD234MM,SET 4,,,,,,,,
13171896,CASILLA,AD234MR,SET 4,,,,,,,,
12319852,CASILLA,NAZ414,SET 4,,,,,,,,
12725935,CASILLA,OVT594,SET 4,,,,,,,,
12753013,CASILLA,OXO360,SET 4,,,,,,,,
12753014,CASILLA,OZQ602,SET 4,,,,,,,,
12753016,CASILLA,OZQ605,SET 4,,,,,,,,
12753018,CASILLA,PCW702,SET 4,,,,,,,,
12753017,CASILLA,PDH604,SET 4,,,,,,,,
12753015,CASILLA,PDH605,SET 4,,,,,,,,
12824831,CASILLA,PLH315,SET 4,,,,,,,,
12824829,CASILLA,PLH317,SET 4,,,,,,,,
12824830,CASILLA,PMH160,SET 4,,,,,,,,
12333061,CASILLA,NDB127,SET 4,,,,,,,,
13083850,CASILLA,AC819KN,,,,,,,,,
13083849,CASILLA,AC819KO,,,,,,,,,
13083848,CASILLA,AC819KP,,,,,,,,,
13171900,CASILLA,AD172TT,,,,,,,,,
13171897,CASILLA,AD234MI,,,,,,,,,
13171898,CASILLA,AD234MK,,,,,,,,,
13171899,CASILLA,AD234MM,,,,,,,,,
13171896,CASILLA,AD234MR,,,,,,,,,
12319852,CASILLA,NDB126,,,,,,,,,
12725935,CASILLA,OVT594,,,,,,,,,
12753013,CASILLA,OXO360,,,,,,,,,
12753014,CASILLA,OZQ602,,,,,,,,,
12753016,CASILLA,OZQ605,,,,,,,,,
12753018,CASILLA,PCW702,,,,,,,,,
12753017,CASILLA,PDH604,,,,,,,,,
12753015,CASILLA,PDH605,,,,,,,,,
12824831,CASILLA,PLH315,,,,,,,,,
12824829,CASILLA,PLH317,,,,,,,,,
12824830,CASILLA,PMH160,,,,,,,,,
12333061,CASILLA,NDB127,,,,,,,,,
12804988,CISTERNA,PLO452,SET 1,,,,,,,,
11063526,CISTERNA,HBQ978,SET 1,,,,,,,,
12804985,CISTERNA,PLO466,SET 3,,,,,,,,
12408196,CISTERNA,AD936EN,SET 3,,,,,,,,
12408193,CISTERNA,AD936EO,SET 3,,,,,,,,
12401471,CISTERNA,AD936EL,SET 3,,,,,,,,
12495577,FB4K,ORA323,SET 1,,,,,,,,
12593804,FB4K,AA157LZ,SET 1,,,,,,,,
11561859,FB4K,AD742RM,SET 2,,,,,,,,
11596851,FB4K,sin dominio,SET 2,,,,,,,,
11647334,FB4K,LZX352,SET 3,,,,,,,,
11634293,FB4K,OHG232,SET 3,,,,,,,,
13396978,FORK LIFT,,SET 2,,,,,,,,
13396979,FORK LIFT,,SET 2,,,,,,,,
10084169,FRAC TANK,BSK399,SET 4,,,,,,,,
10696132,FRAC TANK,ESG896,SET 4,,,,,,,,
10084286,FRAC TANK,RXO996,SET 4,,,,,,,,
10084630,FRAC TANK,AZG496,SET 4,,,,,,,,
10084168,FRAC TANK,BSK398,SET 4,,,,,,,,
11280775,FRAC TANK,HQA043,SET 4,,,,,,,,
12366174,FRAC TANK,NQT800,SET 4,,,,,,,,
12354523,FRAC TANK,NET823,SET 4,,,,,,,,
12170219,FRAC TANK,MIW752,SET 4,,,,,,,,
12811995,FRAC TANK,AA022OO,SET 4,,,,,,,,
12811998,FRAC TANK,AA022OV,SET 4,,,,,,,,
12811999,FRAC TANK,AA022OT,SET 4,,,,,,,,
11280774,FRAC TANK,HQA042,SET 4,,,,,,,,
11916027,FRAC TANK,KUF985,SET 4,,,,,,,,
12366173,FRAC TANK,NHP654,SET 4,,,,,,,,
12178100,FRAC TANK,MQM781,SET 4,,,,,,,,
12811996,FRAC TANK,AA022OU,SET 4,,,,,,,,
12811997,FRAC TANK,AA022OW,SET 4,,,,,,,,
13149868,FRAC TANK,AD304SH,SET 4,,,,,,,,
13149869,FRAC TANK,AD304SI,SET 4,,,,,,,,
13149870,FRAC TANK,AD304SE,SET 4,,,,,,,,
13149872,FRAC TANK,AD442XA,SET 4,,,,,,,,
13149874,FRAC TANK,AD442XB,SET 4,,,,,,,,
13149873,FRAC TANK,AD442XC,SET 4,,,,,,,,
13149877,FRAC TANK,AD616NR,SET 4,,,,,,,,
13149878,FRAC TANK,AD616NQ,SET 4,,,,,,,,
13149875,FRAC TANK,AD442XD,SET 4,,,,,,,,
13149876,FRAC TANK,AD616NP,SET 4,,,,,,,,
13251506,FRAC TANK,AD668JE,SET 4,,,,,,,,
13252807,FRAC TANK,AD668JD,SET 4,,,,,,,,
13252814,FRAC TANK,AD742RX,SET 4,,,,,,,,
13252819,FRAC TANK,AD530XA,SET 4,,,,,,,,
13252808,FRAC TANK,AD668JC,SET 4,,,,,,,,
13252809,FRAC TANK,AD668JG,SET 4,,,,,,,,
13252810,FRAC TANK,AD668JF,SET 4,,,,,,,,
13252811,FRAC TANK,AD742RW,SET 4,,,,,,,,
13252812,FRAC TANK,AD742SC,SET 4,,,,,,,,
13252813,FRAC TANK,AD742SA,SET 4,,,,,,,,
13252815,FRAC TANK,AD742RY,SET 4,,,,,,,,
13252816,FRAC TANK,AD530XS,SET 4,,,,,,,,
13252817,FRAC TANK,AD530XT,SET 4,,,,,,,,
13252818,FRAC TANK,AD530XF,SET 4,,,,,,,,
13252820,FRAC TANK,AD530XD,SET 4,,,,,,,,
10084168,FRAC TANK,BSK-398 ,,,,,,,,,
11280775,FRAC TANK,HQA-043 ,,,,,,,,,
12366174,FRAC TANK,NQT-800 ,,,,,,,,,
12354523,FRAC TANK,NET-823 ,,,,,,,,,
12170219,FRAC TANK,MIW-752 ,,,,,,,,,
12811995,FRAC TANK,AA022OO ,,,,,,,,,
12811998,FRAC TANK,AA022OV ,,,,,,,,,
12811999,FRAC TANK,AA022OT ,,,,,,,,,
11280774,FRAC TANK,HQA-042 ,,,,,,,,,
11916027,FRAC TANK,KUF-985 ,,,,,,,,,
12366173,FRAC TANK,NHP-654,,,,,,,,,
12178100,FRAC TANK,MQM-781 ,,,,,,,,,
12811996,FRAC TANK,AA022OU ,,,,,,,,,
12811997,FRAC TANK,AA022OW ,,,,,,,,,
13149868,FRAC TANK,AD304SH,,,,,,,,,
13149869,FRAC TANK,AD304SI,,,,,,,,,
13149870,FRAC TANK,AD304SE,,,,,,,,,
13149872,FRAC TANK,AD442XA,,,,,,,,,
13149874,FRAC TANK,AD442XB,,,,,,,,,
13149873,FRAC TANK,AD442XC,,,,,,,,,
13149877,FRAC TANK,AD616NR,,,,,,,,,
13149878,FRAC TANK,AD616NQ,,,,,,,,,
13149875,FRAC TANK,AD442XD,,,,,,,,,
13149876,FRAC TANK,AD616NP,,,,,,,,,
13251506,FRAC TANK,AD668JE,,,,,,,,,
13252807,FRAC TANK,AD668JD,,,,,,,,,
13252814,FRAC TANK,AD742RX,,,,,,,,,
13252819,FRAC TANK,AD530XA,,,,,,,,,
13252808,FRAC TANK,AD668JC,,,,,,,,,
13252809,FRAC TANK,AD668JG,,,,,,,,,
13252810,FRAC TANK,AD668JF,,,,,,,,,
13252811,FRAC TANK,AD742RW,,,,,,,,,
13252812,FRAC TANK,AD742SC,,,,,,,,,
13252813,FRAC TANK,AD742SA,,,,,,,,,
13252815,FRAC TANK,AD742RY,,,,,,,,,
13252816,FRAC TANK,AD530XS,,,,,,,,,
13252817,FRAC TANK,AD530XT,,,,,,,,,
13252818,FRAC TANK,AD530XF,,,,,,,,,
13252820,FRAC TANK,AD530XD,,,,,,,,,
13251495,Generador 110v,,SET 1,,,,,,,,
13251497,Generador 110v,,SET 1,,,,,,,,
13118133,Generador 110v,,SET 1,,,,,,,,
13118131,Generador 110v,,SET 2,,,,,,,,
12725936,Generador 135 KWA (Disy),,SET 4,,,,,,,,
11702039,Generador 20 KWA (Disy),,SET 4,,,,,,,,
12525213,Generador 40 KWA,,SET 4,,,,,,,,
12725938,Generador 40 KWA,,SET 4,,,,,,,,
11720335,HT,LCP502,SET 1,,,,,,,,
11754299,HT,LCP504,SET 1,,,,,,,,
11754304,HT,LCP501,SET P,,,,,,,,
11754314,HT,LEL278,SET 1,,,,,,,,
11754409,HT,LCP503,SET 1,,,,,,,,
11970658,HT,AA230TV,SET 1,,,,,,,,
11970698,HT,AA157KM,SET 1,,,,,,,,
11970892,HT,AA157LJ,SET 1,,,,,,,,
12999791,HT,sin dominio,SET 1,,,,,,,,
12999806,HT,sin dominio,SET 1,,,,,,,,
11970682,HT,AA157LL,SET 2,,,,,,,,
12505305,HT,PAG821,CR,,,,,,,,
12506558,HT,PAG826,SET 2,,,,,,,,
12506561,HT,PAG825,CR,,,,,,,,
12506564,HT,PAG823,SET 2,,,,,,,,
12506570,HT,PAG824,SET HPS,,,,,,,,
12506573,HT,PAG822,CR,,,,,,,,
12622230,HT,AA725CP,CR,,,,,,,,
12622233,HT,AA725CS,CR,,,,,,,,
12622236,HT,AA520CN,CR,,,,,,,,
11580946,HT,LZX345,SET 3,,,,,,,,
11596999,HT,LZX338,SET 3,,,,,,,,
11905678,HT,AA157LH,SET 3,,,,,,,,
12506567,HT,PAG827,CR,,,,,,,,
12622242,HT,AA297PT,SET 3,,,,,,,,
12622830,HT,AA743IK,CR,,,,,,,,
12822822,HT,sin dominio,CR,,,,,,,,
12999794,HT,AD871HI,SET 3,,,,,,,,
12999797,HT,AD871HD,SET 3,,,,,,,,
12999800,HT,AE460RI,SET 3,,,,,,,,
11597004,HT,LZX337,SET 3,,,,,,,,
11597094,HT,LZX344,SET 2,,,,,,,,
11691235,HT,LZX350,SET 2,,,,,,,,
11691240,HT,LZX342,SET 3,,,,,,,,
11691538,HT,LZX346,SET 2,,,,,,,,
11970564,HT,AA157LK,SET 2,,,,,,,,
12824542,HT,sin dominio,CR,,,,,,,,
11970888,HT,AA157KL,SET 2,,,,,,,,
11999406,HT,AA184BQ,SET P,,,,,,,,
11625760,HT,LZX350,SET 2,,,,,,,,
11691523,HT,LZX351,SET 2,,,,,,,,
11691533,HT,LZX352,SET 2,,,,,,,,
12585212,IRON TRUCK,OHG256,SET 1,,,,,,,,
12363088,IRON TRUCK,NET826,SET 1,,,,,,,,
13149866,IRON TRUCK,AD406JD,SET 2,,,,,,,,
13149864,IRON TRUCK,AD203TK,SET 3,,,,,,,,
11915777,MANIFOLD,LZX341,SET 4,,,,,,,,
12231108,MANIFOLD,PLO505,SET 4,,,,,,,,
12694766,MANIFOLD,PIR938,SET 4,,,,,,,,
12965544,MANIFOLD KINECT,AD616NX,SET 4,,,,,,,,
12965543,MANIFOLD KINECT,AD530XG,SET 4,,,,,,,,
13056273,MANIFOLD KINECT,AD742RO,SET 4,,,,,,,,
13056272,MANIFOLD KINECT,AD742RV,SET 4,,,,,,,,
13037034,MANIFOLD KINECT,AE314DN,SET 4,,,,,,,,
13037035,MANIFOLD KINECT,AD742RQ,SET 4,,,,,,,,
11989969,MMover,AA230SU,SET 4,,,,,,,,
11718384,MMover,sin dominio,SET 4,,,,,,,,
12041989,MMover,AA230SW,SET 4,,,,,,,,
12572850,MMover,PEC308,SET 4,,,,,,,,
11718382,MMover,sin dominio,SET 4,,,,,,,,
11597163,MMover,sin dominio,SET 4,,,,,,,,
12020128,MMover,sin dominio,SET 4,,,,,,,,
12562735,MMover,AA725CR,SET 4,,,,,,,,
11370846,MMover,sin dominio,SET 4,,,,,,,,
11923372,MMover,sin dominio,SET 4,,,,,,,,
12041987,MMover,AA230ST,SET 4,,,,,,,,
12572846,MMover,PEC307,SET 4,,,,,,,,
10084283,MMover,CYX581,SET 4,,,,,,,,
12824832,Multifuncion,OVT593,SET 3,,,,,,,,
13083851,Multifuncion,AC983CL,SET 3,,,,,,,,
11501080,Q10-X,sin dominio,SET 1,,,,,,,,
11501481,Q10-X,sin dominio,SET 1,,,,,,,,
11516541,Q10-X,sin dominio,SET 1,,,,,,,,
11528715,Q-10,sin dominio,SET 1,,,,,,,,
11528725,Q10-X,sin dominio,SET 1,,,,,,,,
11528735,Q10-X,sin dominio,SET 1,,,,,,,,
11528740,Q10-X,sin dominio,SET 1,,,,,,,,
11542685,Q10-X,sin dominio,SET 1,,,,,,,,
11542695,Q10-X,sin dominio,SET 1,,,,,,,,
11568617,Q10-X,sin dominio,SET 1,,,,,,,,
12002163,Q10-X,AE314DO,SET 1,,,,,,,,
12002183,Q-10,sin dominio,SET 1,,,,,,,,
12108478,Q10-X,sin dominio,SET 1,,,,,,,,
12129757,Q10-X,AE460RH,SET 1,,,,,,,,
12129760,Q10-X,sin dominio,SET 1,,,,,,,,
13038511,Q10-X,AE320QN,SET 1,,,,,,,,
13038517,Q10-X,AE320RX,SET 1,,,,,,,,
11317872,Q10-X,AD742TM,SET 2,,,,,,,,
13038514,Q10-X,AD742TH,SET 2,,,,,,,,
13038523,Q10-X,AD742UA,SET 2,,,,,,,,
13038529,Q10-X,AD742TQ,SET 2,,,,,,,,
13038532,Q10-X,AD636NI,SET 2,,,,,,,,
13038535,Q10-X,AD530WY,SET 2,,,,,,,,
13038538,Q10-X,AD742TK,SET 2,,,,,,,,
13057720,Q10-X,AD530WV,SET 2,,,,,,,,
13057723,Q10-X,AD450CL,SET 2,,,,,,,,
13057726,Q10-X,AD636NH,SET 2,,,,,,,,
13057729,Q10-X,AE502FS,SET 2,,,,,,,,
13057732,Q10-X,AD742TT,SET 2,,,,,,,,
13057735,Q10-X,AD530WW,SET 3,,,,,,,,
13057741,Q10-X,AD668JL,SET 2,,,,,,,,
13057744,Q10-X,AD450CS,SET 2,,,,,,,,
13057747,Q10-X,AD450CH,SET 2,,,,,,,,
13057750,Q-10,AD450CJ,SET 2,,,,,,,,
11326732,Q10-X,sin dominio,SET 3,,,,,,,,
11326934,Q10-X,sin dominio,SET 3,,,,,,,,
11451139,Q10-X,sin dominio,SET 3,,,,,,,,
11452211,Q10-X,AD742UB,SET 3,,,,,,,,
11501065,Q10-X,sin dominio,SET 3,,,,,,,,
11501075,Q10-X,sin dominio,SET 3,,,,,,,,
11516556,Q10-X,sin dominio,SET 3,,,,,,,,
11528720,Q-10,sin dominio,SET 3,,,,,,,,
11528730,Q10-X,sin dominio,SET 2,,,,,,,,
11647244,Q10-X,sin dominio,SET 3,,,,,,,,
12108472,Q10-X,sin dominio,SET 3,,,,,,,,
12153244,Q10-X,sin dominio,SET 3,,,,,,,,
12546214,Q10-X,sin dominio,SET 3,,,,,,,,
12650542,Q10-X,sin dominio,SET 3,,,,,,,,
13038520,Q10-X,AE320RA,SET 3,,,,,,,,
13038526,Q10-X,AD742TO,SET 3,,,,,,,,
13057738,Q10-X,AD742TI,SET 3,,,,,,,,
13281436,SAND TRAILER,AE239YT,SET 2,,,,,,,,
13281437,SAND TRAILER,AE239YS,SET 2,,,,,,,,
13083843,SEMI,AC899OP,SET 1,,,,,,,,
12753010,SEMI,PDF755,SET 1,,,,,,,,
12753007,SEMI,PDF756,SET 1,,,,,,,,
12771692,SEMI,PIR911,SET 1,,,,,,,,
12753011,SEMI,PDF759,SET 1,,,,,,,,
13083841,SEMI,AC899OO,SET 2,,,,,,,,
12771691,SEMI,PIR914,SET 2,,,,,,,,
12753008,SEMI,PDF758,SET 2,,,,,,,,
13083846,SEMI,AC988AS,SET 2,,,,,,,,
13083840,SEMI,AC899OU,SET 2,,,,,,,,
13316809,SEMIS CAJAS,AD871HM,SET 4,,,,,,,,
13316810,SEMIS CAJAS,AD871HL,SET 4,,,,,,,,
13316811,SEMIS CAJAS,AD871HF,SET 4,,,,,,,,
13316812,SEMIS CAJAS,AD871HC,SET 4,,,,,,,,
13316814,SEMIS CAJAS,AD871HO,SET 4,,,,,,,,
13316815,SEMIS CAJAS,AD871HK,SET 4,,,,,,,,
13316816,SEMIS CAJAS,AD871HN,SET 4,,,,,,,,
13316817,SEMIS CAJAS,AD871HJ,SET 4,,,,,,,,
13316818,SEMIS CAJAS,AD871HP,SET 4,,,,,,,,
13316819,SEMIS CAJAS,AD871JY,SET 4,,,,,,,,
13316813,SEMIS CAJAS,AD871HH,SET 4,,,,,,,,
13316820,SEMIS CAJAS,AD871JX,SET 4,,,,,,,,
13316821,SEMIS CAJAS,AD871JV,SET 4,,,,,,,,
13316822,SEMIS CAJAS,AD925TC,SET 4,,,,,,,,
13316823,SEMIS CAJAS,AD871JW,SET 4,,,,,,,,
13316824,SEMIS CAJAS,AD925TB,SET 4,,,,,,,,
13316825,SEMIS CAJAS,AD871JZ,SET 4,,,,,,,,
13316826,SEMIS CAJAS,AD925TD,SET 4,,,,,,,,
13316827,SEMIS CAJAS,AD925TA,SET 4,,,,,,,,
13316828,SEMIS CAJAS,AD871JU,SET 4,,,,,,,,
13316809,SEMIS CAJAS,AD871HM,SET 1,,,,,,,,
13316810,SEMIS CAJAS,AD871HL,SET 1,,,,,,,,
13316811,SEMIS CAJAS,AD871HF,SET 1,,,,,,,,
13316812,SEMIS CAJAS,AD871HC,SET 1,,,,,,,,
13316814,SEMIS CAJAS,AD871HH,SET 1,,,,,,,,
13316815,SEMIS CAJAS,AD871HO,SET 1,,,,,,,,
13316816,SEMIS CAJAS,AD871HK,SET 1,,,,,,,,
13316817,SEMIS CAJAS,AD871HN,SET 1,,,,,,,,
13316818,SEMIS CAJAS,AD871HJ,SET 1,,,,,,,,
13316819,SEMIS CAJAS,AD871HP,SET 1,,,,,,,,
13316813,SEMIS CAJAS,AD871JY,SET 1,,,,,,,,
13316820,SEMIS CAJAS,AD871JX,SET 1,,,,,,,,
13316821,SEMIS CAJAS,AD871JV,SET 1,,,,,,,,
13316822,SEMIS CAJAS,AD925TC,SET 1,,,,,,,,
13316823,SEMIS CAJAS,AD871JW,SET 1,,,,,,,,
13316824,SEMIS CAJAS,AD925TB,SET 1,,,,,,,,
13316825,SEMIS CAJAS,AD871JZ,SET 1,,,,,,,,
13316826,SEMIS CAJAS,AD925TD,SET 1,,,,,,,,
13316827,SEMIS CAJAS,AD925TA,SET 1,,,,,,,,
13316828,SEMIS CAJAS,AD871JU,SET 1,,,,,,,,
13428187,Skytruck,Sin dominio,SET 3,,,,,,,,
13266644,Skytruck,Sin dominio,SET 2,,,,,,,,
13428186,Skytruck,Sin dominio,SET 1,,,,,,,,
13266646,Skytruck,Sin dominio,DME,,,,,,,,
12963700,TCC,AD742TS,SET 1,,,,,,,,
13045605,TCC,AD742RR,SET 2,,,,,,,,
13098007,TCC,sin dominio,SET 3,,,,,,,,
12768702,TCC,,SET 4,,,,,,,,
12483258,TOLVA ,NZM158,SET 4,,,,,,,,
12480944,TOLVA ,NXJ652,SET 4,,,,,,,,
12412878,TOLVA ,NRG263,SET 4,,,,,,,,
12482806,TOLVA ,NXJ651,SET 4,,,,,,,,
12483257,TOLVA ,NZM159,SET 4,,,,,,,,
12569142,TOLVA ,OIE284,SET 4,,,,,,,,
12569141,TOLVA ,OIE285,SET 4,,,,,,,,
12480943,TOLVA ,NXJ653,SET 4,,,,,,,,
13269580,TOLVA ,AD442XE,SET 4,,,,,,,,
13269581,TOLVA ,AD680HW,SET 4,,,,,,,,
13269582,TOLVA ,AD680HX,SET 4,,,,,,,,
13269583,TOLVA ,AD680HT,SET 4,,,,,,,,
13269584,TOLVA ,AD680HY,SET 4,,,,,,,,
13116383,TRAC HYD BLOWER 6X4,AC988AU,SET 1,,,,,,,,
13229325,TRAC HYD BLOWER 6X4,AD270MW,SET 2,,,,,,,,
13116389,TRAC HYD BLOWER 6X4,AC988AM,SET 2,,,,,,,,
13229311,TRAC HYD BLOWER 6X4,AD270MT,SET 2,,,,,,,,
13067517,TRAC HYD START 6X4 SLPR,AC689RM,SET 1,,,,,,,,
13064305,TRAC HYD START 6X4 SLPR,AC689RS,SET 1,,,,,,,,
13067509,TRAC HYD START 6X4 SLPR,AC689RW,SET 1,,,,,,,,
13067507,TRAC HYD START 6X4 SLPR,AC689SA,SET 1,,,,,,,,
13067511,TRAC HYD START 6X4 SLPR,AC689SB,SET 1,,,,,,,,
13070725,TRAC HYD START 6X4 SLPR,AC899PM,SET 1,,,,,,,,
13123831,TRAC HYD START 6X4 SLPR,AD191KU,SET 1,,,,,,,,
13123811,TRAC HYD START 6X4 SLPR,AD191KY,SET 1,,,,,,,,
13123827,TRAC HYD START 6X4 SLPR,AD203TA,SET 1,,,,,,,,
12244538,TRAC HYD START 6X4 SLPR,MRL950,SET 1,,,,,,,,
12244530,TRAC HYD START 6X4 SLPR,MRL955,SET 1,,,,,,,,
12244548,TRAC HYD START 6X4 SLPR,MRL982,SET 1,,,,,,,,
12244536,TRAC HYD START 6X4 SLPR,MRL989,SET 1,,,,,,,,
12585210,TRAC HYD START 6X4 SLPR,OEC362,SET 1,,,,,,,,
12584742,TRAC HYD START 6X4 SLPR,OEC363,SET 1,,,,,,,,
12584752,TRAC HYD START 6X4 SLPR,OEV281,SET 1,,,,,,,,
12784275,TRAC HYD START 6X4 SLPR,PJX195,SET 1,,,,,,,,
12784261,TRAC HYD START 6X4 SLPR,PJX196,SET 1,,,,,,,,
12784287,TRAC HYD START 6X4 SLPR,PJX198,SET 1,,,,,,,,
12784267,TRAC HYD START 6X4 SLPR,PJX199,SET 1,,,,,,,,
12784259,TRAC HYD START 6X4 SLPR,PJX200,SET 1,,,,,,,,
12784277,TRAC HYD START 6X4 SLPR,PLO515,SET 1,,,,,,,,
13228152,TRAC HYD START 6X4 SLPR,AD442YR,SET 1,,,,,,,,
13228154,TRAC HYD START 6X4 SLPR,AD442YS,SET 1,,,,,,,,
13229329,TRAC HYD START 6X4 SLPR,AD406JG,SET 1,,,,,,,,
13128082,TRAC HYD START 6X4 SLPR,AD203TB,SET 1,,,,,,,,
13229323,TRAC HYD START 6X4 SLPR,AD270MX,SET 1,,,,,,,,
13123841,TRAC HYD START 6X4 SLPR,AD203TC,SET 1,,,,,,,,
13229309,TRAC HYD START 6X4 SLPR,AD270MS,SET 1,,,,,,,,
12784265,TRAC HYD START 6X4 SLPR,AA230SS,SET 2,,,,,,,,
13123813,TRAC HYD START 6X4 SLPR,AD203TL,SET 2,,,,,,,,
13228156,TRAC HYD START 6X4 SLPR,AD442YQ,SET 2,,,,,,,,
13067521,TRAC HYD START 6X4 SLPR,AC689RU,SET 2,,,,,,,,
13064299,TRAC HYD START 6X4 SLPR,AC689RZ,SET 2,,,,,,,,
13070717,TRAC HYD START 6X4 SLPR,AC899PL,SET 2,,,,,,,,
13116375,TRAC HYD START 6X4 SLPR,AC988AI,SET 2,,,,,,,,
13116387,TRAC HYD START 6X4 SLPR,AC988AQ,SET 2,,,,,,,,
13123823,TRAC HYD START 6X4 SLPR,AD191KT,SET 2,,,,,,,,
12244544,TRAC HYD START 6X4 SLPR,MRL952,SET 2,,,,,,,,
12244534,TRAC HYD START 6X4 SLPR,MRL981,SET 2,,,,,,,,
12381185,TRAC HYD START 6X4 SLPR,NKN760,SET 2,,,,,,,,
12584738,TRAC HYD START 6X4 SLPR,ODR715,SET 2,,,,,,,,
12584748,TRAC HYD START 6X4 SLPR,ODR716,SET 2,,,,,,,,
12584750,TRAC HYD START 6X4 SLPR,ODR717,SET 2,,,,,,,,
12584754,TRAC HYD START 6X4 SLPR,ODR718,SET 2,,,,,,,,
12784273,TRAC HYD START 6X4 SLPR,PJX223,SET 2,,,,,,,,
12784271,TRAC HYD START 6X4 SLPR,PJX235,SET 2,,,,,,,,
12784291,TRAC HYD START 6X4 SLPR,PLO508,SET 2,,,,,,,,
12784285,TRAC HYD START 6X4 SLPR,PLO512,SET 2,,,,,,,,
13123835,TRAC HYD START 6X4 SLPR,AD191KV,SET 2,,,,,,,,
13123819,TRAC HYD START 6X4 SLPR,AD191KW,SET 2,,,,,,,,
13128084,TRAC HYD START 6X4 SLPR,AD191KZ,SET 2,,,,,,,,
13228145,TRAC HYD START 6X4 SLPR,AD616NM,SET 2,,,,,,,,
13070723,TRAC HYD START 6X4 SLPR,AC899PS,SET 2,,,,,,,,
13067515,TRAC HYD START 6X4 SLPR,AC689RY,SET 2,,,,,,,,
13064301,TRAC HYD START 6X4 SLPR,AC689RR,SET 3,,,,,,,,
13070713,TRAC HYD START 6X4 SLPR,AC899PO,SET 3,,,,,,,,
13116367,TRAC HYD START 6X4 SLPR,AC988AO,SET 3,,,,,,,,
13116385,TRAC HYD START 6X4 SLPR,AC988AT,SET 3,,,,,,,,
13229327,TRAC HYD START 6X4 SLPR,AD406JF,SET 3,,,,,,,,
13123833,TRAC HYD START 6X4 SLPR,AD203TG,SET 3,,,,,,,,
13123821,TRAC HYD START 6X4 SLPR,AD203TJ,SET 3,,,,,,,,
13229317,TRAC HYD START 6X4 SLPR,AD270MR,SET 3,,,,,,,,
12225373,TRAC HYD START 6X4 SLPR,MQM782,SET 3,,,,,,,,
12244540,TRAC HYD START 6X4 SLPR,MRL954,SET 3,,,,,,,,
12244525,TRAC HYD START 6X4 SLPR,MRL988,SET 3,,,,,,,,
12244532,TRAC HYD START 6X4 SLPR,MUA120,SET 3,,,,,,,,
12244546,TRAC HYD START 6X4 SLPR,MUA122,SET 3,,,,,,,,
12584756,TRAC HYD START 6X4 SLPR,ODR719,SET 3,,,,,,,,
12584740,TRAC HYD START 6X4 SLPR,OEC360,SET 3,,,,,,,,
12784283,TRAC HYD START 6X4 SLPR,PJX230,SET 3,,,,,,,,
12784269,TRAC HYD START 6X4 SLPR,PJX233,SET 3,,,,,,,,
12784289,TRAC HYD START 6X4 SLPR,PLO510,SET 3,,,,,,,,
12784281,TRAC HYD START 6X4 SLPR,PLO511,SET 3,,,,,,,,
12784293,TRAC HYD START 6X4 SLPR,PLO513,SET 3,,,,,,,,
12784279,TRAC HYD START 6X4 SLPR,PLO514,SET 3,,,,,,,,
12784263,TRAC HYD START 6X4 SLPR,PLO518,SET 3,,,,,,,,
13116363,TRAC HYD START 6X4 SLPR,AC899OQ,SET 3,,,,,,,,
13116371,TRAC HYD START 6X4 SLPR,AC988AP,SET 3,,,,,,,,
13116369,TRAC HYD START 6X4 SLPR,AC899OR,SET 3,,,,,,,,
13123837,TRAC HYD START 6X4 SLPR,AD203TF,SET 3,,,,,,,,
13123839,TRAC HYD START 6X4 SLPR,AD203TH,SET 3,,,,,,,,
13123815,TRAC HYD START 6X4 SLPR,AD203TI,SET 3,,,,,,,,
13064303,TRAC HYD START 6X4 SLPR,AC689RQ,SET 3,,,,,,,,
12821701,TRACTOR HIDRO GRUA,AA157LG,SET 1,,,,,,,,
12821703,TRACTOR HIDRO GRUA,AA022OQ,SET 2,,,,,,,,
12585214,TRACTOR HIDRO GRUA,OHG258,SET 3,,,,,,,,
12585216,TRACTOR HIDRO GRUA,OHG257,SET 4,,,,,,,,
13388835,WCU,sin dominio,SET 1,,,,,,,,
13331194,WCU,sin dominio,SET 1,,,,,,,,
12468283,Q10-X,,,,,,,,,,
12904154,Q10-X,,,,,,,,,,
12608139,Q10-X,,,,,,,,,,
12643286,Q-10,,,,,,,,,,
12468286,Q10-X,,,,,,,,,,
12531951,Q10-X,,,,,,,,,,
12589516,Q10-X,,,,,,,,,,
11580399,FB4K,,,,,,,,,,
12589528,Q10-X,,,,,,,,,,
12157794,Q10-X,,,,,,,,,,
11410827,Q10-X,,,,,,,,,,
12608142,Q10-X,,,,,,,,,,
12545652,Q10-X,,,,,,,,,,
11243945,FB4K,,,,,,,,,,
12589534,Q10-X,,,,,,,,,,
12468265,Q10-X,,,,,,,,,,
12608136,Q10-X,,,,,,,,,,
12643202,Q10-X,,,,,,,,,,
12546250,Q10-X,,,,,,,,,,
12546259,Q10-X,,,,,,,,,,
,,,,,,,,,,,
